Workbook

Sheet Sales Data
A1: Location ID | B1: City_State | C1: Region | D1: # of Sims | E1: Royalty % | F1: Sales_Date | G1: Golf | H1: League | I1: Lessons | J1: Beverage | K1: Food | L1: Merchandise | M1: Service Charges | N1: Total Sales | O1: Gift Cards
A2: 2 | B2: Novi, MI | C2: Midwest | D2: 5 | E2: 6 | F2: 42675 | G2: 13667 | H2: 4050 | I2: 714 | J2: 5398 | K2: 1132 | L2: 0 | N2: 24961
A3: 2 | B3: Novi, MI | C3: Midwest | D3: 5 | E3: 6 | F3: 42705 | G3: 38856 | H3: 4440 | I3: 260 | J3: 12289 | K3: 1952 | L3: 80 | N3: 57877
A4: 2 | B4: Novi, MI | C4: Midwest | D4: 5 | E4: 6 | F4: 42736 | G4: 50505.93 | H4: 8355 | I4: 804.98 | J4: 14501.02 | K4: 2530.82 | L4: 0 | N4: 76697.75
A5: 2 | B5: Novi, MI | C5: Midwest | D5: 5 | E5: 6 | F5: 42767 | G5: 49193.06 | H5: 8325.42 | I5: 1145 | J5: 12580.44 | K5: 1494.8 | L5: 103.93 | N5: 72842.65
A6: 2 | B6: Novi, MI | C6: Midwest | D6: 5 | E6: 6 | F6: 42795 | G6: 48383.03 | H6: 0 | I6: 1247.5 | J6: 11795.52 | K6: 2291.34 | L6: 159.1 | N6: 63876.49
A7: 2 | B7: Novi, MI | C7: Midwest | D7: 5 | E7: 6 | F7: 42826 | G7: 15803.6 | H7: 280 | I7: 937.5 | J7: 4459.95 | K7: 973.38 | L7: 1131.97 | N7: 23586.4
A8: 2 | B8: Novi, MI | C8: Midwest | D8: 5 | E8: 6 | F8: 42856 | G8: 6501.01 | H8: 0 | I8: 7375 | J8: 2022.64 | K8: 330.5 | L8: 611.12 | N8: 16840.27
A9: 2 | B9: Novi, MI | C9: Midwest | D9: 5 | E9: 6 | F9: 42887 | G9: 4515.17 | H9: 0 | I9: 2175 | J9: 1124.86 | K9: 178.1 | L9: 1279.96 | N9: 9273.09
A10: 2 | B10: Novi, MI | C10: Midwest | D10: 5 | E10: 6 | F10: 42917 | G10: 2915.29 | H10: 0 | I10: 4300 | J10: 1395.96 | K10: 963.18 | L10: 1763.27 | N10: 11337.7
A11: 2 | B11: Novi, MI | C11: Midwest | D11: 5 | E11: 6 | F11: 42948 | G11: 2932.76 | H11: 0 | I11: 5350 | J11: 1040.75 | K11: 147.74 | L11: 4729.94 | N11: 14201.19
A12: 2 | B12: Novi, MI | C12: Midwest | D12: 5 | E12: 6 | F12: 42979 | G12: 4091.12 | H12: 150 | I12: 640 | J12: 952.23 | K12: 173.72 | L12: 1899.96 | N12: 7907.03
A13: 6 | B13: Grand Rapids, MI | C13: Midwest | D13: 6 | E13: 6 | F13: 42979 | G13: 1000 | H13: 0 | I13: 0 | J13: 152 | K13: 6 | L13: 0 | N13: 1158
... A1305: 35 | B1305: Schaumburg, IL | C1305: Midwest | D1305: 9 | E1305: 6 | F1305: 44774 | G1305: 6657.75 | H1305: 0 | I1305: 1197 | J1305: 1873.67 | K1305: 988.05 | L1305: 0 | N1305: 10716.47
A1306: 61 | B1306: Wrigleyville, IL | C1306: Midwest | D1306: 8 | E1306: VAR | F1306: 44774 | G1306: 15686.25 | H1306: 0 | I1306: 0 | J1306: 10163.76 | K1306: 1727.62 | L1306: 42.5 | N1306: 27620.13
A1307: 68 | B1307: Portland, ME | C1307: Northeast | D1307: 6 | E1307: 7 | F1307: 44774 | G1307: 7315 | H1307: 0 | I1307: 950 | J1307: 4615.75 | K1307: 1043 | L1307: 6904.18 | N1307: 20827.93
A1308: 19 | B1308: Wayland, MA | C1308: Northeast | D1308: 6 | E1308: 6 | F1308: 44774 | G1308: 12656.65 | H1308: 0 | I1308: 4168 | J1308: 2838.65 | K1308: 655.3 | L1308: 83 | N1308: 20401.6
A1309: 11 | B1309: Kalamazoo, MI | C1309: Midwest | D1309: 6 | E1309: 6 | F1309: 44774 | G1309: 8009 | H1309: 1375 | I1309: 1210 | J1309: 3642.65 | K1309: 1056.38 | L1309: 1089.83 | N1309: 16382.86
A1310: 2 | B1310: Novi, MI | C1310: Midwest | D1310: 5 | E1310: 6 | F1310: 44774 | G1310: 10317.5 | H1310: 598 | I1310: 0 | J1310: 3303.5 | K1310: 680.61 | L1310: 86.97 | N1310: 14986.58
A1311: 49 | B1311: Kenosha, WI | C1311: Midwest | D1311: 7 | E1311: 6 | F1311: 44774 | G1311: 3391.01 | H1311: 0 | I1311: 365 | J1311: 2302.77 | K1311: 672.58 | L1311: 264.8 | N1311: 6996.16
A1312: 31 | B1312: Greenwood Village, CO | C1312: Rocky Mountains | D1312: 7 | E1312: 6 | F1312: 44774 | G1312: 18659 | H1312: 2250 | I1312: 100 | J1312: 7683.7 | K1312: 1337.46 | L1312: 521 | N1312: 30551.16
A1313: 9 | B1313: Grand Junction, CO | C1313: Rocky Mountains | D1313: 5 | E1313: 6 | F1313: 44774 | G1313: 9104.5 | H1313: 0 | I1313: 0 | J1313: 4711.35 | K1313: 738.91 | L1313: 0 | N1313: 14554.76
A1314: 15 | B1314: Fort Collins, CO | C1314: Rocky Mountains | D1314: 7 | E1314: 6 | F1314: 44774 | G1314: 16203.5 | H1314: 3987.5 | I1314: 1578.75 | J1314: 7964.8 | K1314: 2287 | L1314: 867.52 | N1314: 32889.07
A1315: 12 | B1315: Rochester Hills, MI | C1315: Midwest | D1315: 6 | E1315: 6 | F1315: 44774 | G1315: 7588.46 | H1315: 0 | I1315: 25 | J1315: 1749.03 | K1315: 423.26 | L1315: 54.98 | N1315: 9840.73
A1316: 76 | B1316: Omaha, NE | C1316: Midwest | D1316: 7 | E1316: 6 | F1316: 44774 | G1316: 9481.3 | H1316: 0 | I1316: 0 | J1316: 3995.18 | K1316: 692.5 | L1316: 0 | N1316: 14168.98
A1317: 7 | B1317: Ann Arbor, MI | C1317: Midwest | D1317: 6 | E1317: 6 | F1317: 44774 | G1317: 3787.5 | H1317: 0 | I1317: 0 | J1317: 863.75 | K1317: 298 | L1317: 59.99 | N1317: 5009.24
A1318: 14 | B1318: Woodbury, MN | C1318: Midwest | D1318: 6 | E1318: 4.5 | F1318: 44774 | G1318: 8040 | H1318: 1920 | I1318: 0 | J1318: 4148 | K1318: 1485 | L1318: 20 | N1318: 15613
... A1366: 35 | B1366: Schaumburg, IL | C1366: Midwest | D1366: 9 | E1366: 6 | F1366: 44805 | G1366: 7508 | H1366: 0 | I1366: 722.5 | J1366: 4609.45 | K1366: 1088.92 | L1366: 18.08 | N1366: 13946.95
A1367: 61 | B1367: Wrigleyville, IL | C1367: Midwest | D1367: 8 | E1367: VAR | F1367: 44805 | G1367: 24688.5 | H1367: 1875 | I1367: 0 | J1367: 17740.29 | K1367: 3341 | L1367: 0 | N1367: 47644.79
A1368: 68 | B1368: Portland, ME | C1368: Northeast | D1368: 6 | E1368: 7 | F1368: 44805 | G1368: 9387.5 | H1368: 0 | I1368: 385 | J1368: 3807.25 | K1368: 738 | L1368: 6098.87 | N1368: 20416.62
A1369: 11 | B1369: Kalamazoo, MI | C1369: Midwest | D1369: 6 | E1369: 6 | F1369: 44805 | G1369: 5472.97 | H1369: 20797.5 | I1369: 800 | J1369: 3470.5 | K1369: 735.85 | L1369: 52 | N1369: 31328.82
A1370: 49 | B1370: Kenosha, WI | C1370: Midwest | D1370: 7 | E1370: 6 | F1370: 44805 | G1370: 3506 | H1370: 1200 | I1370: 210 | J1370: 2753.47 | K1370: 709.15 | L1370: 227.26 | N1370: 8605.88
A1371: 9 | B1371: Grand Junction, CO | C1371: Rocky Mountains | D1371: 5 | E1371: 6 | F1371: 44805 | G1371: 10747.87 | H1371: 2600 | I1371: 0 | J1371: 5302.5 | K1371: 662 | L1371: 15.99 | N1371: 19328.36
A1372: 31 | B1372: Greenwood Village, CO | C1372: Rocky Mountains | D1372: 7 | E1372: 6 | F1372: 44805 | G1372: 18400.5 | H1372: 16200 | I1372: 399 | J1372: 10541.5 | K1372: 2157.12 | L1372: 35.1 | N1372: 47733.22
A1373: 15 | B1373: Fort Collins, CO | C1373: Rocky Mountains | D1373: 7 | E1373: 6 | F1373: 44805 | G1373: 19181.24 | H1373: 21312.5 | I1373: 6439.25 | J1373: 8920.96 | K1373: 1791.96 | L1373: 851.33 | N1373: 58497.24
A1374: 76 | B1374: Omaha, NE | C1374: Midwest | D1374: 7 | E1374: 6 | F1374: 44805 | G1374: 8260 | H1374: 3162.5 | I1374: 0 | J1374: 4952.32 | K1374: 755.68 | L1374: 87.56 | N1374: 17218.06
A1375: 13 | B1375: Lansing, MI | C1375: Midwest | D1375: 6 | E1375: 6 | F1375: 44805 | G1375: 6068.64 | H1375: 3300 | I1375: 0 | J1375: 985.74 | K1375: 312.43 | L1375: 0 | N1375: 10666.81
A1376: 47 | B1376: Commack, NY | C1376: Mid Atlantic | D1376: 9 | E1376: 6 | F1376: 44805 | G1376: 17538 | H1376: 2500 | I1376: 3855 | J1376: 5074.17 | K1376: 1894.87 | L1376: 400.96 | N1376: 31263
A1377: 19 | B1377: Wayland, MA | C1377: Northeast | D1377: 6 | E1377: 6 | F1377: 44805 | G1377: 16449.64 | H1377: 14306 | I1377: 2620 | J1377: 4746.66 | K1377: 940.7 | L1377: 210.98 | N1377: 39273.98
A1378: 4 | B1378: Huntsville, AL | C1378: South | D1378: 5 | E1378: 6 | F1378: 44805 | G1378: 16319.08 | H1378: 0 | I1378: 500 | J1378: 8283.2 | K1378: 4344.62 | L1378: 197 | N1378: 29643.9
A1379: 12 | B1379: Rochester Hills, MI | C1379: Midwest | D1379: 6 | E1379: 6 | F1379: 44805 | G1379: 21341.54 | H1379: 7720 | I1379: 0 | J1379: 1949.94 | K1379: 366.77 | L1379: 54.98 | N1379: 31433.23
... A1435: 68 | B1435: Portland, ME | C1435: Northeast | D1435: 6 | E1435: 7 | F1435: 44835 | G1435: 10378.5 | H1435: 0 | I1435: 660 | J1435: 7139 | K1435: 1065 | L1435: 87.48 | N1435: 19329.98
A1436: 61 | B1436: Wrigleyville, IL | C1436: Midwest | D1436: 8 | E1436: VAR | F1436: 44835 | G1436: 20416.12 | H1436: 19100 | I1436: 0 | J1436: 16612.9 | K1436: 3287 | L1436: 0 | N1436: 59416.02
A1437: 35 | B1437: Schaumburg, IL | C1437: Midwest | D1437: 9 | E1437: 6 | F1437: 44835 | G1437: 9682.52 | H1437: 403.5 | I1437: 0 | J1437: 4597.49 | K1437: 932.26 | L1437: 12.05 | N1437: 15627.82
A1438: 23 | B1438: Wexford, PA | C1438: Mid Atlantic | D1438: 6 | E1438: 6 | F1438: 44835 | G1438: 14500 | H1438: 8950 | I1438: 282 | J1438: 7291 | K1438: 1390 | L1438: 40 | N1438: 32453
A1439: 31 | B1439: Greenwood Village, CO | C1439: Rocky Mountains | D1439: 7 | E1439: 6 | F1439: 44835 | G1439: 20495 | H1439: 31050 | I1439: 370 | J1439: 22389 | K1439: 2852.6 | L1439: 0 | N1439: 77156.6
A1440: 4 | B1440: Huntsville, AL | C1440: South | D1440: 5 | E1440: 6 | F1440: 44835 | G1440: 14706.02 | H1440: 0 | I1440: 486.1 | J1440: 7122.94 | K1440: 3345.63 | L1440: 51.5 | N1440: 25712.19
A1441: 29 | B1441: Middleton, WI | C1441: Midwest | D1441: 7 | E1441: 6 | F1441: 44835 | G1441: 6660 | H1441: 7733.34 | I1441: 0 | J1441: 5251.91 | K1441: 1021 | L1441: 0 | N1441: 20666.25
A1442: 12 | B1442: Rochester Hills, MI | C1442: Midwest | D1442: 6 | E1442: 6 | F1442: 44835 | G1442: 17980.11 | H1442: 16600 | I1442: 25 | J1442: 4708.6 | K1442: 824.38 | L1442: 39.98 | N1442: 40178.07
A1443: 7 | B1443: Ann Arbor, MI | C1443: Midwest | D1443: 6 | E1443: 6 | F1443: 44835 | G1443: 6861.26 | H1443: 8964.98 | I1443: 0 | J1443: 3051.02 | K1443: 591 | L1443: 15 | N1443: 19483.26
A1444: 28 | B1444: Madison, WI | C1444: Midwest | D1444: 8 | E1444: 6 | F1444: 44835 | G1444: 8265 | H1444: 1550 | I1444: 65 | J1444: 3807.64 | K1444: 1135.01 | L1444: 47.98 | N1444: 14870.63
A1445: 72 | B1445: Acton, MA | C1445: Northeast | D1445: 8 | E1445: 6 | F1445: 44835 | G1445: 15622.5 | H1445: 11300 | I1445: 1170 | J1445: 7584.4 | K1445: 1624.5 | L1445: 131.48 | N1445: 37432.88
A1446: 54 | B1446: Geneva, IL | C1446: Midwest | D1446: 8 | E1446: 6 | F1446: 44835 | G1446: 12170 | H1446: 730 | I1446: 910 | J1446: 5233.25 | K1446: 1154.5 | L1446: 60 | N1446: 20257.75
A1447: 25 | B1447: Richmond, VA | C1447: South | D1447: 6 | E1447: 6 | F1447: 44835 | G1447: 19784.99 | H1447: 5000 | I1447: 2275 | J1447: 13550.57 | K1447: 2578.19 | L1447: 1372.24 | N1447: 44560.99
A1448: 63 | B1448: Appleton, WI | C1448: Midwest | D1448: 8 | E1448: 6 | F1448: 44835 | G1448: 16493.89 | H1448: 25171.9 | I1448: 1630 | J1448: 9897.87 | K1448: 1927.25 | L1448: 770.92 | N1448: 55891.83
... A1470: 30 | B1470: Mequon, WI | C1470: Midwest | D1470: 7 | E1470: 6 | F1470: 44835 | G1470: 7935 | H1470: 10564.86 | I1470: 442 | J1470: 3319.27 | K1470: 573.62 | L1470: 4309.99 | N1470: 27144.74
A1471: 53 | B1471: Chester Springs, PA | C1471: Mid Atlantic | D1471: 6 | E1471: 6 | F1471: 44866 | G1471: 32868.01 | H1471: 0 | I1471: 415 | J1471: 10578.52 | K1471: 3038.31 | L1471: 90 | N1471: 46989.84 | O1471: 0
A1472: 36 | B1472: Leawood, KS | C1472: Midwest | D1472: 7 | E1472: 6 | F1472: 44866 | G1472: 42828.04 | H1472: 2400 | I1472: 2500 | J1472: 16144.26 | K1472: 3903.79 | L1472: 0 | N1472: 67776.09 | O1472: 0
A1473: 42 | B1473: Orland Park, IL | C1473: Midwest | D1473: 8 | E1473: 6 | F1473: 44866 | G1473: 42919.22 | H1473: 9650 | I1473: 1224 | J1473: 14626.1 | K1473: 4366.26 | L1473: 35.98 | N1473: 72821.56 | O1473: 0
A1474: 38 | B1474: Downers Grove, IL | C1474: Midwest | D1474: 8 | E1474: 6 | F1474: 44866 | G1474: 24554.77 | H1474: 4165 | I1474: 200 | J1474: 17403.3 | K1474: 3850.14 | L1474: 98.95 | N1474: 50272.16 | O1474: 0
A1475: 27 | B1475: Royal Oak, MI | C1475: Midwest | D1475: 6 | E1475: 6 | F1475: 44866 | G1475: 44789.02 | H1475: 52050 | I1475: 120 | J1475: 28285.41 | K1475: 3864.26 | L1475: 224.95 | N1475: 129333.64 | O1475: 0
A1476: 40 | B1476: Burlington, MA | C1476: Northeast | D1476: 7 | E1476: 6 | F1476: 44866 | G1476: 57746.25 | H1476: 10380 | I1476: 330 | J1476: 32436.5 | K1476: 6827.23 | L1476: 252.92 | N1476: 107972.9 | O1476: 0
A1477: 64 | B1477: Worcester, MA | C1477: Northeast | D1477: 9 | E1477: 6 | F1477: 44866 | G1477: 59172.82 | H1477: 1511.25 | I1477: 1348 | J1477: 19561.1 | K1477: 4228.36 | L1477: 155.93 | N1477: 85977.46 | O1477: 0
A1478: 89 | B1478: Walpole, MA | C1478: Northeast | D1478: 9 | E1478: 6 | F1478: 44866 | G1478: 44613.5 | H1478: 2475 | I1478: 0 | J1478: 18219.03 | K1478: 4060.56 | L1478: 25 | N1478: 69393.09 | O1478: 0
A1479: 34 | B1479: Woodhaven, MI | C1479: Midwest | D1479: 7 | E1479: 6 | F1479: 44866 | G1479: 30449.05 | H1479: 1054.04 | I1479: 2160 | J1479: 15248.53 | K1479: 3419.6 | L1479: 146 | N1479: 52477.22 | O1479: 0
A1480: 14 | B1480: Woodbury, MN | C1480: Midwest | D1480: 6 | E1480: 4.5 | F1480: 44866 | G1480: 35780.14 | H1480: 0 | I1480: 0 | J1480: 16086.15 | K1480: 4403.5 | L1480: 125 | N1480: 56394.79 | O1480: 0
A1481: 83 | B1481: Medina, MN | C1481: Midwest | D1481: 6 | E1481: 4.5 | F1481: 44866 | G1481: 27233.07 | H1481: 1920 | I1481: 270 | J1481: 12715.5 | K1481: 3393.25 | L1481: 74.9 | N1481: 45606.72 | O1481: 0
A1482: 22 | B1482: Champlin, MN | C1482: Midwest | D1482: 6 | E1482: 4.5 | F1482: 44866 | G1482: 27906.72 | H1482: 670.77 | I1482: 0 | J1482: 14646.71 | K1482: 2511.78 | L1482: 24.95 | N1482: 45760.93 | O1482: 0
... A1501: 68 | B1501: Portland, ME | C1501: Northeast | D1501: 6 | E1501: 7 | F1501: 44866 | G1501: 20277.5 | H1501: 0 | I1501: 725 | J1501: 13353.25 | K1501: 2402 | L1501: 3603.41 | N1501: 40361.16 | O1501: 0
A1502: 61 | B1502: Wrigleyville, IL | C1502: Midwest | D1502: 8 | E1502: VAR | F1502: 44866 | G1502: 28868.5 | H1502: 0 | I1502: 2250 | J1502: 19737.88 | K1502: 3804.15 | L1502: 113 | N1502: 54773.53 | O1502: 0
A1503: 9 | B1503: Grand Junction, CO | C1503: Rocky Mountains | D1503: 5 | E1503: 6 | F1503: 44866 | G1503: 21529.33 | H1503: 0 | I1503: 0 | J1503: 12467.59 | K1503: 1569.05 | L1503: 31.98 | N1503: 35597.95 | O1503: 0
A1504: 63 | B1504: Appleton, WI | C1504: Midwest | D1504: 8 | E1504: 6 | F1504: 44866 | G1504: 37809.72 | H1504: 2048.44 | I1504: 2275 | J1504: 20752.03 | K1504: 3018.25 | L1504: 525.52 | N1504: 66428.96 | O1504: 0
A1505: 67 | B1505: Naperville, IL | C1505: Midwest | D1505: 8 | E1505: 6 | F1505: 44866 | G1505: 21983.52 | H1505: 1860 | I1505: 0 | J1505: 7764.61 | K1505: 2010.07 | L1505: 163 | N1505: 33781.2 | O1505: 0
A1506: 70 | B1506: Algonquin, IL | C1506: Midwest | D1506: 8 | E1506: 6 | F1506: 44866 | G1506: 31065.35 | H1506: 815 | I1506: 0 | J1506: 9248.82 | K1506: 2568.95 | L1506: 410.65 | N1506: 44108.77 | O1506: 0
A1507: 56 | B1507: Minot, ND | C1507: Midwest | D1507: 6 | E1507: 6 | F1507: 44866 | G1507: 34724.65 | H1507: 2819.77 | I1507: 0 | J1507: 21932.99 | K1507: 4466.85 | L1507: 330.24 | N1507: 64274.5 | O1507: 0
A1508: 26 | B1508: Glenview, IL | C1508: Midwest | D1508: 8 | E1508: 6 | F1508: 44866 | G1508: 41132.72 | H1508: 2486.67 | I1508: 480 | J1508: 12820.68 | K1508: 2684.56 | L1508: 494.92 | N1508: 60099.55 | O1508: 0
A1509: 24 | B1509: Garnet Valley, PA | C1509: Mid Atlantic | D1509: 6 | E1509: 6 | F1509: 44866 | G1509: 40369.05 | H1509: 5913 | I1509: 570 | J1509: 13478.75 | K1509: 2165.05 | L1509: 167.43 | N1509: 62663.28 | O1509: 0
A1510: 62 | B1510: Avon, OH | C1510: Midwest | D1510: 9 | E1510: 6 | F1510: 44866 | G1510: 21524.75 | H1510: 1500 | I1510: 3920 | J1510: 11691.88 | K1510: 2098.37 | L1510: 72.96 | N1510: 40807.96 | O1510: 0
A1511: 87 | B1511: Riverton, UT | C1511: Rocky Mountains | D1511: 8 | E1511: 7 | F1511: 44866 | G1511: 38076.95 | H1511: 800 | I1511: 0 | J1511: 9161.28 | K1511: 7665.86 | L1511: 700.6 | N1511: 56404.69 | O1511: 0
A1512: 4 | B1512: Huntsville, AL | C1512: South | D1512: 5 | E1512: 6 | F1512: 44866 | G1512: 23186.36 | H1512: 0 | I1512: 334.15 | J1512: 9204.79 | K1512: 3046.64 | L1512: 106 | N1512: 35877.94 | O1512: 0
A1513: 60 | B1513: Broadview Heights, OH | C1513: Midwest | D1513: 7 | E1513: 6 | F1513: 44866 | G1513: 33035 | H1513: 0 | I1513: 750 | J1513: 16809 | K1513: 3021 | L1513: 140.5 | N1513: 53755.5 | O1513: 0
A1514: 21 | B1514: Carmel, IN | C1514: Midwest | D1514: 6 | E1514: 6 | F1514: 44866 | G1514: 56485 | H1514: 5040 | I1514: 880 | J1514: 26204.52 | K1514: 5738.2 | L1514: 846.23 | N1514: 95193.95 | O1514: 0
... A1564: 57 | B1564: Parkville, MO | C1564: Midwest | D1564: 7 | E1564: 6 | F1564: 44896 | G1564: 40043.35 | H1564: 0 | I1564: 0 | J1564: 19207.56 | K1564: 5784.45 | L1564: 0 | N1564: 65035.36 | O1564: 2930.1
A1565: 61 | B1565: Wrigleyville, IL | C1565: Midwest | D1565: 8 | E1565: VAR | F1565: 44896 | G1565: 42831.9 | H1565: 800 | I1565: 0 | J1565: 25161 | K1565: 3657 | L1565: 44 | N1565: 72493.9 | O1565: 0
A1566: 81 | B1566: Kennewick, WA | C1566: Pacific Northwest | D1566: 7 | E1566: 0 | F1566: 44896 | G1566: 0 | H1566: 0 | I1566: 0 | J1566: 0 | K1566: 0 | L1566: 0 | N1566: 0 | O1566: 282.64
A1567: 31 | B1567: Greenwood Village, CO | C1567: Rocky Mountains | D1567: 7 | E1567: 6 | F1567: 44896 | G1567: 89148.7 | H1567: 3525 | I1567: 0 | J1567: 47101.25 | K1567: 7700.39 | L1567: 174 | N1567: 147649.34 | O1567: 0
A1568: 49 | B1568: Kenosha, WI | C1568: Midwest | D1568: 7 | E1568: 6 | F1568: 44896 | G1568: 51417.51 | H1568: 140 | I1568: 160 | J1568: 20381.73 | K1568: 4778.85 | L1568: 474.86 | N1568: 77352.95 | O1568: 0
A1569: 2 | B1569: Novi, MI | C1569: Midwest | D1569: 5 | E1569: 6 | F1569: 44896 | G1569: 56311.9 | H1569: 23952.5 | I1569: 0 | J1569: 26186.64 | K1569: 3483.36 | L1569: 633.87 | N1569: 110568.27 | O1569: 0
A1570: 11 | B1570: Kalamazoo, MI | C1570: Midwest | D1570: 6 | E1570: 6 | F1570: 44896 | G1570: 61559.85 | H1570: 280 | I1570: 1155 | J1570: 25721.89 | K1570: 3844.98 | L1570: 645.22 | N1570: 93206.94 | O1570: 0
A1571: 19 | B1571: Wayland, MA | C1571: Northeast | D1571: 6 | E1571: 6 | F1571: 44896 | G1571: 76160 | H1571: 35062.5 | I1571: 2580 | J1571: 26631.83 | K1571: 4152.52 | L1571: 199.97 | N1571: 144786.82 | O1571: 0
A1572: 68 | B1572: Portland, ME | C1572: Northeast | D1572: 6 | E1572: 7 | F1572: 44896 | G1572: 46257.5 | H1572: 0 | I1572: 1765 | J1572: 23825.5 | K1572: 3712 | L1572: 193.47 | N1572: 75753.47 | O1572: 0
A1573: 65 | B1573: Ellisville, MO | C1573: Midwest | D1573: 8 | E1573: 6 | F1573: 44896 | G1573: 83944.54 | H1573: 0 | I1573: 0 | J1573: 18280.67 | K1573: 7049 | L1573: 585 | N1573: 109859.21 | O1573: 0
A1574: 25 | B1574: Richmond, VA | C1574: South | D1574: 6 | E1574: 6 | F1574: 44896 | G1574: 47973.09 | H1574: 750 | I1574: 1772.45 | J1574: 24109.05 | K1574: 5174.87 | L1574: 924.8 | N1574: 80704.26 | O1574: 0
A1575: 70 | B1575: Algonquin, IL | C1575: Midwest | D1575: 8 | E1575: 6 | F1575: 44896 | G1575: 51225.49 | H1575: 5956.13 | I1575: 360 | J1575: 19181.01 | K1575: 4793.31 | L1575: 487.25 | N1575: 82003.19 | O1575: 0
A1576: 56 | B1576: Minot, ND | C1576: Midwest | D1576: 6 | E1576: 6 | F1576: 44896 | G1576: 43813.31 | H1576: 0 | I1576: 0 | J1576: 25524.65 | K1576: 5662.72 | L1576: 339.81 | N1576: 75340.49 | O1576: 0
A1577: 26 | B1577: Glenview, IL | C1577: Midwest | D1577: 8 | E1577: 6 | F1577: 44896 | G1577: 79112.5 | H1577: 17420 | I1577: 0 | J1577: 21033.28 | K1577: 5456.53 | L1577: 1658.45 | N1577: 124680.76 | O1577: 0
... A1623: 85 | B1623: Vancouver, WA | C1623: Pacific Northwest | D1623: 8 | E1623: 6 | F1623: 44927 | G1623: 56155.73 | H1623: 0 | I1623: 0 | J1623: 21918.48 | K1623: 6589.68 | L1623: 112 | N1623: 84775.89 | O1623: 0
A1624: 61 | B1624: Wrigleyville, IL | C1624: Midwest | D1624: 8 | E1624: VAR | F1624: 44927 | G1624: 78836.44 | H1624: 34575 | I1624: 0 | J1624: 39147.35 | K1624: 7041.5 | L1624: 132 | N1624: 159732.29 | O1624: 0
A1625: 71 | B1625: Plainfield, IN | C1625: Midwest | D1625: 7 | E1625: 6 | F1625: 44927 | G1625: 80023.4 | H1625: 5700 | I1625: 625 | J1625: 26780.86 | K1625: 7602.4 | L1625: 394.95 | N1625: 121126.61 | O1625: 0
A1626: 15 | B1626: Fort Collins, CO | C1626: Rocky Mountains | D1626: 7 | E1626: 6 | F1626: 44927 | G1626: 101977.76 | H1626: 49362.5 | I1626: 2956.62 | J1626: 46995.65 | K1626: 7613.54 | L1626: 975.93 | N1626: 209882 | O1626: 0
...

Sheet Total Sales by Month
A1: Total Sales by Location by Date
A2: *This document is strictly confidential and may not be shared or redistributed in any form without written consent from the corporate office.
A4: Sum of Total Sales | F4: Years | G4: Sales_Date
F5: 2023 | G5: 2024 | H5: 2025 | I5: 2026 | N5: 2026 Total
A6: Location ID | B6: City_State | C6: Region | D6: # of Sims | E6: Royalty % | I6: Jan | J6: Feb | K6: Mar | L6: Apr | M6: May
A7: 2 | B7: Novi, MI | C7: Midwest | D7: 5 | E7: 6 | F7: 649140.12 | G7: 622105.56 | H7: 615190.81 | I7: 135182.95 | J7: 78656.61 | K7: 71484.68 | L7: 39761.48 | M7: 20831.05 | N7: 345916.77
A8: 4 | B8: Huntsville, AL | C8: South | D8: 5 | E8: 6 | F8: 552143.26 | G8: 534697.4 | H8: 556953.33 | I8: 65699.18 | J8: 39950.35 | K8: 27450.74 | L8: 19377.04 | M8: 28046.01 | N8: 180523.32
A9: 6 | B9: Grand Rapids, MI | C9: Midwest | D9: 6 | E9: 6 | F9: 912130.77 | G9: 707186.72 | H9: 632528.89 | I9: 106215.06 | J9: 127057.04 | K9: 87232.51 | L9: 52372.34 | M9: 11918.66 | N9: 384795.61
A10: 7 | B10: Ann Arbor, MI | C10: Midwest | D10: 6 | E10: 6 | F10: 458482.74 | G10: 376475.25 | H10: 508990.01 | I10: 139544.23 | J10: 90580.45 | K10: 76427.84 | L10: 33318.37 | M10: 17898.97 | N10: 357769.86
A11: 8 | B11: Shelby Twp, MI | C11: Midwest | D11: 6 | E11: 6 | F11: 813062.42 | G11: 723540.51 | H11: 803888.63 | I11: 161515.39 | J11: 115081.59 | K11: 117676.66 | L11: 64800.3 | M11: 24155.52 | N11: 483229.46
A12: 9 | B12: Grand Junction, CO | C12: Rocky Mountains | D12: 5 | E12: 6 | F12: 393696.76 | G12: 484489.45 | H12: 579043.65 | I12: 117146.85 | J12: 66991.09 | K12: 42749.3 | L12: 39430.5 | M12: 34175.9 | N12: 300493.64
A13: 10 | B13: Holland, MI | C13: Midwest | D13: 6 | E13: 6 | F13: 731678.9 | G13: 646981.99 | H13: 691066.44 | I13: 122747.93 | J13: 131775.65 | K13: 100373.79 | L13: 55036.3 | M13: 13042.23 | N13: 422975.9
A14: 11 | B14: Kalamazoo, MI | C14: Midwest | D14: 6 | E14: 6 | F14: 727827.25 | G14: 672687.92 | H14: 763572.52 | I14: 159387.02 | J14: 140882.27 | K14: 122053.96 | L14: 59194.33 | M14: 14339.68 | N14: 495857.26
A15: 12 | B15: Rochester Hills, MI | C15: Midwest | D15: 6 | E15: 6 | F15: 689477.23 | G15: 584674.29 | H15: 564363.58 | I15: 138190.15 | J15: 79041.37 | K15: 73576.86 | L15: 33079.86 | M15: 10015.63 | N15: 333903.87
A16: 13 | B16: Lansing, MI | C16: Midwest | D16: 6 | E16: 6 | F16: 806910.02 | G16: 765165.57 | H16: 791750.72 | I16: 121710.34 | J16: 109160.81 | K16: 95766.62 | L16: 54329.13 | M16: 23738.56 | N16: 404705.46
A17: 14 | B17: Woodbury, MN | C17: Midwest | D17: 6 | E17: 4.5 | F17: 661148.09 | G17: 543123.17 | H17: 618247.15 | I17: 102293.66 | J17: 76900.79 | K17: 75371.55 | L17: 42476.34 | M17: 7268.01 | N17: 304310.35
A18: 15 | B18: Fort Collins, CO | C18: Rocky Mountains | D18: 7 | E18: 6 | F18: 1205504.8 | G18: 1054459.3 | H18: 1102766.4 | I18: 130332.39 | J18: 102785.14 | K18: 94532.68 | L18: 59351.07 | M18: 61360.95 | N18: 448362.23
... A25: 22 | B25: Champlin, MN | C25: Midwest | D25: 6 | E25: 4.5 | F25: 660460.36 | G25: 533955.13 | H25: 576536.1 | I25: 106896.67 | J25: 78359.03 | K25: 82310.02 | L25: 42805.02 | M25: 12682.49 | N25: 323053.23
A26: 23 | B26: Wexford, PA | C26: Mid Atlantic | F26: 644310.93 | G26: 671547.34 | H26: 420805.73
A27: 24 | B27: Garnet Valley, PA | C27: Mid Atlantic | F27: 776757.97 | G27: 766644.86 | H27: 807148.29 | I27: 151090.12 | J27: 137352.01 | K27: 81814.92 | L27: 34805.2 | M27: 40239.91 | N27: 445302.16
A28: 25 | B28: Richmond, VA | C28: South | D28: 6 | E28: 6 | F28: 676847.56 | G28: 645884.02 | H28: 709339.03 | I28: 102457.11 | J28: 82543.78 | K28: 49870.74 | L28: 23726.67 | M28: 40384.08 | N28: 298982.38
A29: 26 | B29: Glenview, IL | C29: Midwest | D29: 8 | E29: 6 | F29: 848776.45 | G29: 711892.65 | H29: 663027.37 | I29: 121718.1 | J29: 103245.1 | K29: 86455.53 | L29: 47201.61 | M29: 20392.29 | N29: 379012.63
A30: 27 | B30: Royal Oak, MI | C30: Midwest | D30: 6 | E30: 6 | F30: 936404.71 | G30: 846491.99 | H30: 845979.91 | I30: 110781.66 | J30: 152709.37 | K30: 106986.19 | L30: 57539.5 | M30: 25609.38 | N30: 453626.1
A31: 28 | B31: Madison, WI | C31: Midwest | D31: 8 | E31: 6 | F31: 654733.05 | G31: 503363.96 | H31: 496268.48 | I31: 115128.9 | J31: 94599.2 | K31: 77981.48 | L31: 43693.98 | M31: 11982.26 | N31: 343385.82
A32: 29 | B32: Middleton, WI | C32: Midwest | D32: 7 | E32: 6 | F32: 609074.5 | G32: 530080.78 | H32: 597572.44 | I32: 107749.55 | J32: 88086.37 | K32: 73510.86 | L32: 41134.95 | M32: 15386.4 | N32: 325868.13
A33: 30 | B33: Mequon, WI | C33: Midwest | D33: 7 | E33: 6 | F33: 642614.93 | G33: 583072.46 | H33: 624828.31 | I33: 98964.19 | J33: 127313.64 | K33: 77990.64 | L33: 70940.12 | M33: 29462.84 | N33: 404671.43
A34: 31 | B34: Greenwood Village, CO | C34: Rocky Mountains | D34: 7 | E34: 6 | F34: 1279896.9 | G34: 1225561.5 | H34: 1061116.6 | I34: 136174.64 | J34: 95039.19 | K34: 83426.63 | L34: 66090.33 | M34: 69303.04 | N34: 450033.83
A35: 32 | B35: Canton, MI | C35: Midwest | D35: 7 | E35: 7 | F35: 810150.57 | G35: 736553.43 | H35: 792402.77 | I35: 169043.64 | J35: 123562.68 | K35: 115159.44 | L35: 49689.96 | M35: 22378.89 | N35: 479834.61
A36: 33 | B36: Lincoln, RI | C36: Northeast | D36: 6 | E36: 6 | F36: 867756.39 | G36: 687299.41 | H36: 750551.87 | I36: 152700.6 | J36: 124084.91 | K36: 123474.56 | L36: 39452.81 | M36: 27655.91 | N36: 467368.79
A37: 34 | B37: Woodhaven, MI | C37: Midwest | D37: 7 | E37: 6 | F37: 840742.69 | G37: 808203.74 | H37: 941365.17 | I37: 210506.28 | J37: 134444.25 | K37: 125871.27 | L37: 72696.8 | M37: 38130.62 | N37: 581649.22
A38: 35 | B38: Schaumburg, IL | C38: Midwest | D38: 9 | E38: 6 | F38: 767090.64 | G38: 749129.25 | H38: 917942.66 | I38: 172196.53 | J38: 144008.04 | K38: 101347.33 | L38: 63078.08 | M38: 25462.24 | N38: 506092.22
A39: 36 | B39: Leawood, KS | C39: Midwest | D39: 7 | E39: 6 | F39: 803505.77 | G39: 825834.09 | H39: 983769.19 | I39: 153549.67 | J39: 107838.81 | K39: 81700.49 | L39: 54639.25 | M39: 39912.73 | N39: 437640.95
A40: 37 | B40: Easton, PA | C40: Mid Atlantic | F40: 513065.83 | G40: 619333.75 | H40: 703556.15 | I40: 146257.77 | J40: 126804.45 | K40: 88067.31 | L40: 28786.5 | M40: 28523.49 | N40: 418439.52
A41: 38 | B41: Downers Grove, IL | C41: Midwest | D41: 8 | E41: 6 | F41: 620760.16 | G41: 548238.53 | H41: 650529.01 | I41: 112205.42 | J41: 141183.76 | K41: 72376.95 | L41: 36280.37 | M41: 8464.83 | N41: 370511.33
A42: 39 | B42: Hilton Head, SC | C42: South | D42: 6 | E42: 6 | F42: 734997.03 | G42: 480653.92
A43: 40 | B43: Burlington, MA | C43: Northeast | D43: 7 | E43: 6 | F43: 1311718.3 | G43: 1292097.8 | H43: 1355665 | I43: 182102.58 | J43: 180958.42 | K43: 175090.51 | L43: 63694.95 | M43: 59893.26 | N43: 661739.72
A44: 41 | B44: South Charlotte, SC | C44: South | D44: 5 | E44: 6 | F44: 602936.12 | G44: 648502.31 | H44: 623265.63 | I44: 63894.39 | J44: 52478.01 | K44: 30420.38 | L44: 23742.71 | M44: 48374.26 | N44: 218909.75
A45: 42 | B45: Orland Park, IL | C45: Midwest | D45: 8 | E45: 6 | F45: 734866.4 | G45: 595840.92 | H45: 592897.34 | I45: 130827.34 | J45: 120959.38 | K45: 97318.61 | L45: 63585.3 | M45: 22490.4 | N45: 435181.03
A46: 43 | B46: Kildeer, IL | C46: Midwest | D46: 10 | E46: 6 | F46: 759278.55 | G46: 679566.66 | H46: 770923.3 | I46: 150945.42 | J46: 122030.02 | K46: 96763.41 | L46: 60608.26 | M46: 24159.45 | N46: 454506.56
A47: 44 | B47: Columbus, OH | C47: Midwest | D47: 7 | E47: 6 | F47: 1062440 | G47: 925791.68 | H47: 1070740.7 | I47: 151005.76 | J47: 135123.85 | K47: 109393.23 | L47: 53914.96 | M47: 59569.22 | N47: 509007.02
A48: 45 | B48: Powell, OH | C48: Midwest | D48: 7 | E48: 6 | G48: 435074.59 | H48: 847112.45 | I48: 130473.21 | J48: 131261.49 | K48: 97701.61 | L48: 43342.58 | M48: 52461.69 | N48: 455240.58
A49: 47 | B49: Commack, NY | C49: Mid Atlantic | F49: 1112319.2 | G49: 1211668.4 | H49: 1585087 | I49: 297177.52 | J49: 249723.75 | K49: 220051.82 | L49: 106148.85 | M49: 94527.07 | N49: 967629.01
A50: 48 | B50: Westbury, NY | C50: Mid Atlantic | F50: 583316.13 | G50: 1229568.4 | H50: 1622910.2 | I50: 226963.9 | J50: 185414.81 | K50: 192683.35 | L50: 120947.36 | M50: 94980.79 | N50: 820990.21
A51: 49 | B51: Kenosha, WI | C51: Midwest | D51: 7 | E51: 6 | F51: 655890.42 | G51: 631788.65 | H51: 678637.97 | I51: 156761.77 | J51: 106633.7 | K51: 107123.41 | L51: 61195.36 | M51: 17967.47 | N51: 449681.71
A52: 53 | B52: Chester Springs, PA | C52: Mid Atlantic | F52: 675406.52 | G52: 591771.92 | H52: 684815.87 | I52: 113900.75 | J52: 103271 | K52: 75053.75 | L52: 34359.5 | M52: 29889 | N52: 356474
A53: 54 | B53: Geneva, IL | C53: Midwest | D53: 8 | E53: 6 | F53: 670122.9 | G53: 543424.58 | H53: 576273.13 | I53: 112697.11 | J53: 92387.33 | K53: 76761.42 | L53: 36533.35 | M53: 8461.71 | N53: 326840.92
A54: 55 | B54: Scarsdale, NY | C54: Mid Atlantic | F54: 10307.73 | G54: 506109.81 | H54: 876888.68 | I54: 155493.23 | J54: 143856.97 | K54: 117671.31 | L54: 49155.14 | M54: 55576.59 | N54: 521753.24
A55: 56 | B55: Minot, ND | C55: Midwest | D55: 6 | E55: 6 | F55: 626134.86 | G55: 585371.08 | H55: 628462.55 | I55: 104424.19 | J55: 90316.08 | K55: 109172.57 | L55: 70315.48 | M55: 16050.57 | N55: 390278.89
A56: 57 | B56: Parkville, MO | C56: Midwest | D56: 7 | E56: 6 | F56: 660576.39 | G56: 723924.3 | H56: 826248.9 | I56: 151837.62 | J56: 109396.86 | K56: 69923.75 | L56: 54654.86 | M56: 31600.13 | N56: 417413.22
A57: 58 | B57: Tualatin, OR | C57: Pacific Northwest | D57: 8 | E57: 6 | F57: 862341.06 | G57: 754247.89 | H57: 399430.4
A58: 59 | B58: Shorewood, IL | C58: Midwest | D58: 8 | E58: 7 | G58: 142046.83 | H58: 761496.74 | I58: 139620.4 | J58: 91660.21 | K58: 79589.56 | L58: 48293.15 | M58: 21196.15 | N58: 380359.47
A59: 60 | B59: Broadview Heights, OH | C59: Midwest | D59: 7 | E59: 6 | F59: 829713.56 | G59: 813367.7 | H59: 939577.2 | I59: 190896.26 | J59: 139116.48 | K59: 119105.98 | L59: 62273.36 | M59: 49107.18 | N59: 560499.26
A60: 61 | B60: Wrigleyville, IL | C60: Midwest | D60: 8 | E60: VAR | F60: 991562.16 | G60: 883042.61 | H60: 759763.45 | I60: 109025.93 | J60: 88617.51 | K60: 69120.4 | L60: 55246.19 | M60: 41596.98 | N60: 363607.01
A61: 62 | B61: Avon, OH | C61: Midwest | D61: 9 | E61: 6 | F61: 755339.45 | G61: 638401.35 | H61: 687417.3 | I61: 125993.31 | J61: 107278.73 | K61: 89378.24 | L61: 36718.09 | M61: 14466.57 | N61: 373834.94
A62: 63 | B62: Appleton, WI | C62: Midwest | D62: 8 | E62: 6 | F62: 1020941.3 | G62: 978952.65 | H62: 1106832.8 | I62: 183807.17 | J62: 151635.19 | K62: 167943.4 | L62: 141242.38 | M62: 58094.66 | N62: 702722.8
A63: 64 | B63: Worcester, MA | C63: Northeast | D63: 9 | E63: 6 | F63: 1183688.8 | G63: 1160337.6 | H63: 1285394.8 | I63: 251119.81 | J63: 184929.18 | K63: 194625.97 | L63: 60670.81 | M63: 48178.49 | N63: 739524.26
A64: 65 | B64: Ellisville, MO | C64: Midwest | D64: 8 | E64: 6 | F64: 650065.42 | G64: 517754.89 | H64: 637477.63 | I64: 115092.49 | J64: 79579.08 | K64: 38821.06 | L64: 26161.41 | M64: 20617.22 | N64: 280271.26
A65: 66 | B65: Brooklyn, NY | C65: Northeast | D65: 8 | E65: 7 | G65: 461908.04 | H65: 1983926 | I65: 226378.4 | J65: 190744.15 | K65: 199062.08 | L65: 222357.44 | M65: 236408.69 | N65: 1074950.8
A66: 67 | B66: Naperville, IL | C66: Midwest | D66: 8 | E66: 6 | F66: 685591.17 | G66: 571722.49 | H66: 816811.72 | I66: 131926.05 | J66: 107075.95 | K66: 91948.82 | L66: 65258.78 | M66: 31797.6 | N66: 428007.2
A67: 68 | B67: Portland, ME | C67: Northeast | D67: 6 | E67: 7 | F67: 771373.11 | G67: 735311.7 | H67: 745586.28 | I67: 102262.84 | J67: 94672.16 | K67: 93995.24 | L67: 48622.59 | M67: 30047.71 | N67: 369600.54
A68: 69 | B68: Rapid City, SD | C68: Midwest | D68: 7 | E68: 6 | F68: 600735.56 | G68: 554855.25 | H68: 598832.53 | I68: 87121.45 | J68: 71144.6 | K68: 59808.26 | L68: 54641.06 | M68: 30864.3 | N68: 303579.67
A69: 70 | B69: Algonquin, IL | C69: Midwest | D69: 8 | E69: 6 | F69: 659787.03 | G69: 610075.14 | H69: 551594.1 | I69: 115433.33 | J69: 101611.98 | K69: 42120.41 | L69: 34365.91 | M69: 10414.22 | N69: 303945.85
A70: 71 | B70: Plainfield, IN | C70: Midwest | D70: 7 | E70: 6 | F70: 655215.41 | G70: 523263.41 | H70: 534168.29 | I70: 84343.42 | J70: 84144.09 | K70: 45387.69 | L70: 22996.22 | M70: 21817.6 | N70: 258689.02
A71: 72 | B71: Acton, MA | C71: Northeast | D71: 8 | E71: 6 | F71: 920994.26 | G71: 921447.16 | H71: 883843.69 | I71: 150834.99 | J71: 129730.45 | K71: 129871.3 | L71: 49602.29 | M71: 28881.2 | N71: 488920.23
A72: 73 | B72: Alpharetta, GA | C72: South | D72: 7 | E72: 7 | F72: 90526.85 | G72: 488287.68 | H72: 655825.57 | I72: 93549.98 | J72: 75372.19 | K72: 49444.79 | L72: 36087.56 | M72: 59553.55 | N72: 314008.07
A73: 74 | B73: Pasadena, MD | C73: Mid Atlantic | F73: 542515.15 | G73: 498192.48 | H73: 603480.39 | I73: 119058.92 | J73: 132860.72 | K73: 61054.99 | L73: 31044.1 | M73: 39728.25 | N73: 383746.98
A74: 76 | B74: Omaha, NE | C74: Midwest | D74: 7 | E74: 6 | F74: 838102.88 | G74: 766440.23 | H74: 704970.7 | I74: 117434.5 | J74: 82945 | K74: 61477.54 | L74: 46122.12 | M74: 22446.91 | N74: 330426.07
A75: 78 | B75: South Loop, IL | C75: Midwest | D75: 7 | E75: 6 | H75: 108410.32 | I75: 76720.99 | J75: 72139.87 | K75: 62613.79 | L75: 44176.42 | M75: 15892.19 | N75: 271543.26
A76: 79 | B76: Ashburn, VA | C76: South | D76: 7 | E76: 7 | G76: 362132.5 | H76: 672566.3 | I76: 127286.25 | J76: 115466.4 | K76: 59624.8 | L76: 41652.67 | M76: 59031.67 | N76: 403061.79
A77: 80 | B77: Des Moines, IA | C77: Midwest | D77: 7 | E77: 7 | F77: 560396.41 | G77: 669585.38 | H77: 567030.39 | I77: 107443.21 | J77: 82930.1 | K77: 57479.95 | L77: 43200.24 | M77: 10406.54 | N77: 301460.04
A78: 81 | B78: Kennewick, WA | C78: Pacific Northwest | D78: 7 | E78: 0 | F78: 463203.56 | G78: 226700.23 | H78: 319693.6 | I78: 114612.58 | J78: 75687.65 | K78: 68691.82 | L78: 44263.75 | M78: 45639.97 | N78: 348895.77
A79: 82 | B79: Spokane Valley, WA | C79: Pacific Northwest | D79: 7 | E79: 0 | F79: 700005.57 | G79: 277659.12 | H79: 330069.42 | I79: 115069.1 | J79: 88631.64 | K79: 79269.58 | L79: 39950.81 | M79: 34740.77 | N79: 357661.9
A80: 83 | B80: Medina, MN | C80: Midwest | D80: 6 | E80: 4.5 | F80: 668856.65 | G80: 555744.3 | H80: 558758.45 | I80: 92038.95 | J80: 79355.62 | K80: 74471.49 | L80: 58655.99 | M80: 16930.72 | N80: 321452.77
A81: 84 | B81: Nashville, TN | C81: South | D81: 6 | E81: 7 | F81: 297034.54 | G81: 615739.3 | H81: 628540 | I81: 70389.65 | J81: 60082.37 | K81: 38516.96 | L81: 33826.6 | M81: 44936.73 | N81: 247752.31
A82: 85 | B82: Vancouver, WA | C82: Pacific Northwest | D82: 8 | E82: 6 | F82: 712920.12 | G82: 643461.71 | H82: 342779.53
A83: 86 | B83: El Dorado Hills, CA | C83: West | D83: 7 | E83: 7 | F83: 339129.87 | G83: 974080.18 | H83: 1014901.3 | I83: 100001.71 | J83: 94891.17 | K83: 63754.22 | L83: 75639.47 | M83: 58172.72 | N83: 392459.29
A84: 87 | B84: Riverton, UT | C84: Rocky Mountains | D84: 8 | E84: 7 | F84: 826393.16 | G84: 721673.66 | H84: 683904.99 | I84: 120688.62 | J84: 64936.79 | K84: 46828.87 | L84: 39018.34 | M84: 22245.44 | N84: 293718.06
A85: 88 | B85: Bloomington, IL | C85: Midwest | D85: 7 | E85: 7 | F85: 798728.08 | G85: 802617.9 | H85: 797505.1 | I85: 138170.54 | J85: 94687.81 | K85: 83539.61 | L85: 48933.81 | M85: 35438.77 | N85: 400770.54
A86: 89 | B86: Walpole, MA | C86: Northeast | D86: 9 | E86: 6 | F86: 1329407.5 | G86: 1097046 | H86: 1155576.3 | I86: 206150.39 | J86: 170144.3 | K86: 167027.86 | L86: 55021.58 | M86: 42320.27 | N86: 640664.4
A87: 90 | B87: Rockwall, TX | C87: South | D87: 6 | E87: 7 | F87: 891204.1 | G87: 848380.28 | H87: 928176.72 | I87: 115460.5 | J87: 64279.68 | K87: 71194.41 | L87: 90836.53 | M87: 83793.97 | N87: 425565.09
A88: 92 | B88: North Canton, OH | C88: Midwest | D88: 8 | E88: 7 | F88: 365574.57 | G88: 618458.28 | H88: 733007.05 | I88: 129365.05 | J88: 111704.88 | K88: 102566.55 | L88: 49830.33 | M88: 39357.79 | N88: 432824.6
A89: 93 | B89: Perrysburg, OH | C89: Midwest | D89: 8 | E89: 6 | F89: 205521.08 | G89: 549066.21 | H89: 760816.44 | I89: 167494.28 | J89: 128729.33 | K89: 95526.8 | L89: 61285.88 | M89: 30918.78 | N89: 483955.07
A90: 94 | B90: Cary, NC | C90: South | D90: 7 | E90: 7 | G90: 425119.82 | H90: 627163.68 | I90: 79256.91 | J90: 75437.52 | K90: 55059.92 | L90: 40429.63 | M90: 44894.43 | N90: 295078.41
A91: 95 | B91: Boise, ID | C91: Pacific Northwest | D91: 7 | E91: 7 | F91: 450339.28 | G91: 779542.87 | H91: 765662.53 | I91: 149793.67 | J91: 101385.03 | K91: 59804.8 | L91: 53097.99 | M91: 16970.49 | N91: 381051.98
A92: 96 | B92: Methuen, MA | C92: Northeast | D92: 8 | E92: 7 | F92: 138786.61 | G92: 967425.07 | H92: 1121048.6 | I92: 194524.5 | J92: 191604.1 | K92: 183536.32 | L92: 72337.87 | M92: 38910.3 | N92: 680913.09
A93: 97 | B93: Solon, OH | C93: Midwest | D93: 8 | E93: 7 | F93: 302362.45 | G93: 605258.16 | H93: 759825.66 | I93: 114318.43 | J93: 96131.92 | K93: 66603.36 | L93: 37017.37 | M93: 24352.22 | N93: 338423.3
A94: 98 | B94: Beaverton, OR | C94: Pacific Northwest | D94: 8 | E94: 6 | G94: 150940.58 | H94: 215414.91
A95: 99 | B95: St. Clair Shores, MI | C95: Midwest | D95: 8 | E95: 6 | F95: 967894.01 | G95: 851311.32 | H95: 966559.28 | I95: 141644.09 | J95: 167619.32 | K95: 125058.16 | L95: 74584.09 | M95: 20773.15 | N95: 529678.81
A96: 100 | B96: Bismarck, ND | C96: Midwest | D96: 8 | E96: 6 | F96: 253878.75 | G96: 712571.76 | H96: 708439.21 | I96: 126080.09 | J96: 88568.7 | K96: 104518.25 | L96: 50064.27 | M96: 27861.7 | N96: 397093.01
A97: 103 | B97: Mason, OH | C97: Midwest | D97: 8 | E97: 7 | H97: 68019.54 | I97: 41629.69 | J97: 42726.71 | K97: 27086.08 | L97: 15956.14 | M97: 9221.9 | N97: 136620.52
A98: 105 | B98: Rockford, IL | C98: Midwest | D98: 12 | E98: 6 | H98: 398186.69 | I98: 77323.14 | J98: 71064.4 | K98: 21016.02 | L98: 20084.87 | M98: 7580.93 | N98: 197069.36
A99: 106 | B99: Eden Prairie, MN | C99: Midwest | D99: 7 | E99: 4.5 | F99: 26682.73 | G99: 408185.95 | H99: 491474.65 | I99: 91371.5 | J99: 80175.02 | K99: 74521.41 | L99: 37473.23 | M99: 11285.31 | N99: 294826.47
A100: 108 | B100: Apple Valley, MN | C100: Midwest | D100: 9 | E100: 4.5 | F100: 341852.67 | G100: 719982.94 | H100: 810905.65 | I100: 127861.09 | J100: 111348.42 | K100: 98121.1 | L100: 55189.52 | M100: 19088.62 | N100: 411608.75
A101: 109 | B101: Colorado Springs, CO | C101: Rocky Mountains | D101: 7 | E101: 6 | F101: 251258.51 | G101: 812773.05 | H101: 952389.79 | I101: 128478.86 | J101: 80847.78 | K101: 74132.3 | L101: 55281.32 | M101: 59629.1 | N101: 398369.36
A102: 110 | B102: Chesapeake, VA | C102: South | D102: 7 | E102: 7 | H102: 446299.16 | I102: 85157.28 | J102: 102879.18 | K102: 55667.13 | L102: 44876.09 | M102: 52865.97 | N102: 341445.65
A103: 111 | B103: Murfreesboro, TN | C103: South | D103: 6 | E103: 7 | G103: 241186.35 | H103: 549615.82 | I103: 75431.63 | J103: 54586.54 | K103: 34462.61 | L103: 28329.51 | M103: 47022.09 | N103: 239832.38
A104: 113 | B104: Bel Air, MD | C104: Northeast | D104: 6 | E104: 7 | F104: 107259.48 | G104: 720607.74 | H104: 866563.27 | I104: 132270.6 | J104: 129320.74 | K104: 103841.92 | L104: 44910.29 | M104: 56298.78 | N104: 466642.33
A105: 114 | B105: Toledo, OH | C105: Midwest | D105: 7 | E105: 6 | F105: 10636 | G105: 266958.83 | H105: 523820.9 | I105: 118304.45 | J105: 105822.03 | K105: 74603.3 | L105: 40939.37 | M105: 21492.97 | N105: 361162.12
A106: 116 | B106: Fairlawn, OH | C106: Midwest | D106: 8 | E106: 6 | G106: 276203 | H106: 715324.91 | I106: 187923.04 | J106: 127544 | K106: 98731.32 | L106: 46029.98 | M106: 28484.97 | N106: 488713.31
A107: 117 | B107: Sauk Valley, IL | C107: Midwest | D107: 5 | E107: 7 | F107: 394459.73 | G107: 387165.94 | H107: 398197.55 | I107: 81480.02 | J107: 61414.84 | K107: 52990.15 | L107: 25569.91 | M107: 8114.5 | N107: 229569.42
...

Sheet Category Sales
A1: Category Sales by Location for Month
A2: *This document is strictly confidential and may not be shared or redistributed in any form without written consent from the corporate office.
A4: Years | B4: 2026
A5: Sales_Date | B5: May
E7: Categories
A8: Location ID | B8: City_State | C8: Region | D8: # of Sims | E8: Golf | F8: League | G8: Lessons | H8: Beverage | I8: Food | J8: Merchandise | K8: Service Charge | L8: Total Sales
A9: 2 | B9: Novi, MI | C9: Midwest | D9: 5 | E9: 15094.85 | F9: 1080 | G9: 0 | H9: 3470.48 | I9: 994.72 | J9: 191 | K9: 0 | L9: 20831.05
A10: 4 | B10: Huntsville, AL | C10: South | D10: 5 | E10: 18847.77 | F10: 1735 | G10: 0 | H10: 5752.8 | I10: 1710.44 | J10: 0 | K10: 0 | L10: 28046.01
A11: 6 | B11: Grand Rapids, MI | C11: Midwest | D11: 6 | E11: 7851.65 | F11: 45 | G11: 1240 | H11: 2265 | I11: 512.02 | J11: 4.99 | K11: 0 | L11: 11918.66
A12: 7 | B12: Ann Arbor, MI | C12: Midwest | D12: 6 | E12: 12919.96 | F12: 0 | G12: 0 | H12: 2943.5 | I12: 905 | J12: 1130.51 | K12: 0 | L12: 17898.97
A13: 8 | B13: Shelby Twp, MI | C13: Midwest | D13: 6 | E13: 12339.97 | F13: 1490 | G13: 577.5 | H13: 8447.12 | I13: 1253.96 | J13: 46.97 | K13: 0 | L13: 24155.52
A14: 9 | B14: Grand Junction, CO | C14: Rocky Mountains | D14: 5 | E14: 19783.29 | F14: 4600 | G14: 0 | H14: 8438.21 | I14: 1327.1 | J14: 27.3 | K14: 0 | L14: 34175.9
A15: 10 | B15: Holland, MI | C15: Midwest | D15: 6 | E15: 8838.99 | F15: 0 | G15: 475 | H15: 2860.25 | I15: 843 | J15: 24.99 | K15: 0 | L15: 13042.23
A16: 11 | B16: Kalamazoo, MI | C16: Midwest | D16: 6 | E16: 7180.08 | F16: 560 | G16: 1230 | H16: 4168.68 | I16: 728 | J16: 472.92 | K16: 0 | L16: 14339.68
A17: 12 | B17: Rochester Hills, MI | C17: Midwest | D17: 6 | E17: 7689.45 | F17: 180 | G17: 0 | H17: 1740.06 | I17: 379.62 | J17: 26.5 | K17: 0 | L17: 10015.63
A18: 13 | B18: Lansing, MI | C18: Midwest | D18: 6 | E18: 17547.96 | F18: 0 | G18: 125 | H18: 4654.8 | I18: 1410.8 | J18: 0 | K18: 0 | L18: 23738.56
A19: 14 | B19: Woodbury, MN | C19: Midwest | D19: 6 | E19: 2660.01 | F19: 125 | G19: 447.5 | H19: 3333.5 | I19: 702 | J19: 0 | K19: 0 | L19: 7268.01
A20: 15 | B20: Fort Collins, CO | C20: Rocky Mountains | D20: 7 | E20: 34440.5 | F20: 7600 | G20: 1290 | H20: 14237.65 | I20: 2033.2 | J20: 1759.6 | K20: 0 | L20: 61360.95
... A143: 902 | B143: Washington, DC | C143: Mid Atlantic | D143: 8 | E143: 16724.8 | F143: 1786 | G143: 0 | H143: 5775.95 | I143: 1390.13 | J143: 0 | K143: 0 | L143: 25676.88
A144: Grand Total | E144: 3126634.6 | F144: 150710.6 | G144: 84700.19 | H144: 1214166.1 | I144: 413612.85 | J144: 53868.49 | K144: 22743.42 | L144: 5066436.2

Sheet Lesson Sales by Month
A1: Lesson Sales by Location for Month
A2: *This document is strictly confidential and may not be shared or redistributed in any form without written consent from the corporate office.
A4: Lessons | D4: Years | E4: Sales_Date
D5: 2023 | E5: 2024 | F5: 2025 | G5: 2026 | L5: 2026 Total
A6: Location ID | B6: City_State | C6: Region | G6: Jan | H6: Feb | I6: Mar | J6: Apr | K6: May
A7: 2 | B7: Novi, MI | C7: Midwest | D7: -468.5 | E7: 0 | F7: 0 | G7: 0 | H7: 0 | I7: 0 | J7: 0 | K7: 0 | L7: 0
A8: 4 | B8: Huntsville, AL | C8: South | D8: 18310.82 | E8: 7940 | F8: 1919.64 | G8: 0 | H8: 0 | I8: 0 | J8: 0 | K8: 0 | L8: 0
A9: 6 | B9: Grand Rapids, MI | C9: Midwest | D9: 26212.8 | E9: 18619.06 | F9: 10565.5 | G9: 1414 | H9: 170 | I9: 530 | J9: 455 | K9: 1240 | L9: 3809
A10: 7 | B10: Ann Arbor, MI | C10: Midwest | D10: 0 | E10: 0 | F10: 250 | G10: 0 | H10: 0 | I10: 0 | J10: 0 | K10: 0 | L10: 0
A11: 8 | B11: Shelby Twp, MI | C11: Midwest | D11: 5457 | E11: 925 | F11: 6365 | G11: 435 | H11: 1030 | I11: 555 | J11: 1290 | K11: 577.5 | L11: 3887.5
A12: 9 | B12: Grand Junction, CO | C12: Rocky Mountains | D12: 0 | E12: 0 | F12: 0 | G12: 0 | H12: 0 | I12: 0 | J12: 0 | K12: 0 | L12: 0
A13: 10 | B13: Holland, MI | C13: Midwest | D13: 8317.09 | E13: 6978 | F13: 13778.24 | G13: 285 | H13: 260 | I13: 1760 | J13: 1220 | K13: 475 | L13: 4000
A14: 11 | B14: Kalamazoo, MI | C14: Midwest | D14: 17210 | E14: 19414.99 | F14: 20064.06 | G14: 3314 | H14: 2300 | I14: 3530 | J14: 1875 | K14: 1230 | L14: 12249
A15: 12 | B15: Rochester Hills, MI | C15: Midwest | D15: 7721.21 | E15: 3330 | F15: 645 | G15: 0 | H15: 0 | I15: 0 | J15: 0 | K15: 0 | L15: 0
A16: 13 | B16: Lansing, MI | C16: Midwest | D16: 12370 | E16: 12835 | F16: 23235 | G16: 2515 | H16: 650 | I16: 3395 | J16: 1100 | K16: 125 | L16: 7785
A17: 14 | B17: Woodbury, MN | C17: Midwest | D17: 4190 | E17: 2570 | F17: 12033.65 | G17: 3787.08 | H17: 1711.25 | I17: 671.25 | J17: 1266.25 | K17: 447.5 | L17: 7883.33
A18: 15 | B18: Fort Collins, CO | C18: Rocky Mountains | D18: 59508.43 | E18: 37936.95 | F18: 20485 | G18: 2515 | H18: 2284 | I18: 1050 | J18: 775 | K18: 1290 | L18: 7914
... A25: 22 | B25: Champlin, MN | C25: Midwest | D25: 6580 | E25: 9585 | F25: 6666 | G25: 893 | H25: 1173 | I25: 537.5 | J25: 447.5 | K25: 268.75 | L25: 3319.75
A26: 23 | B26: Wexford, PA | C26: Mid Atlantic | D26: 18525 | E26: 18095 | F26: 9415
A27: 24 | B27: Garnet Valley, PA | C27: Mid Atlantic | D27: 18521.88 | E27: 23450 | F27: 14060 | G27: 1082 | H27: 2800 | I27: 4514 | J27: 3660 | K27: 670 | L27: 12726
A28: 25 | B28: Richmond, VA | C28: South | D28: 6051.53 | E28: 821.71 | F28: 328 | G28: 0 | H28: 48 | I28: 0 | J28: 0 | K28: 0 | L28: 48
A29: 26 | B29: Glenview, IL | C29: Midwest | D29: 1890 | E29: 3410 | F29: 3495 | G29: 0 | H29: 0 | I29: 0 | J29: 0 | K29: 0 | L29: 0
A30: 27 | B30: Royal Oak, MI | C30: Midwest | D30: 3015 | E30: 4134 | F30: 4835 | G30: 0 | H30: 165 | I30: 145 | J30: 325 | K30: 325 | L30: 960
A31: 28 | B31: Madison, WI | C31: Midwest | D31: 6719.11 | E31: 2336.43 | F31: 1788 | G31: 0 | H31: 0 | I31: 0 | J31: 0 | K31: 0 | L31: 0
A32: 29 | B32: Middleton, WI | C32: Midwest | D32: 6606.68 | E32: 2380 | F32: 1140 | G32: 0 | H32: 0 | I32: 0 | J32: 0 | K32: 0 | L32: 0
A33: 30 | B33: Mequon, WI | C33: Midwest | D33: 8735 | E33: 10715.87 | F33: 13260.56 | G33: 1880 | H33: 1975 | I33: 893 | J33: 1062 | K33: 2179 | L33: 7989
A34: 31 | B34: Greenwood Village, CO | C34: Rocky Mountains | D34: 22381 | E34: 24412.2 | F34: 1850 | G34: 0 | H34: 0 | I34: 0 | J34: 0 | K34: 0 | L34: 0
A35: 32 | B35: Canton, MI | C35: Midwest | D35: 6550 | E35: 3630 | F35: 95 | G35: 0 | H35: 0 | I35: 0 | J35: 0 | K35: 0 | L35: 0
A36: 33 | B36: Lincoln, RI | C36: Northeast | D36: 0 | E36: 0 | F36: 2430 | G36: 360 | H36: 180 | I36: 270 | J36: 180 | K36: 0 | L36: 990
A37: 34 | B37: Woodhaven, MI | C37: Midwest | D37: 22530 | E37: 31275 | F37: 8790 | G37: 0 | H37: 0 | I37: 0 | J37: 0 | K37: 0 | L37: 0
A38: 35 | B38: Schaumburg, IL | C38: Midwest | D38: 14600 | E38: 50 | F38: 0 | G38: 0 | H38: 0 | I38: 0 | J38: 0 | K38: 0 | L38: 0
... A41: 38 | B41: Downers Grove, IL | C41: Midwest | D41: 3773 | E41: 1930 | F41: 10300 | G41: 915 | H41: 1050 | I41: 945 | J41: 0 | K41: 0 | L41: 2910
A42: 39 | B42: Hilton Head, SC | C42: South | D42: 1150 | E42: 0
A43: 40 | B43: Burlington, MA | C43: Northeast | D43: 9010 | E43: 13265 | F43: 5415 | G43: 165 | H43: 125 | I43: 500 | J43: 125 | K43: 0 | L43: 915
A44: 41 | B44: South Charlotte, SC | C44: South | D44: 8837.41 | E44: 12553.7 | F44: 17405.76 | G44: 1729.98 | H44: 1724.98 | I44: 795 | J44: 1439.99 | K44: 1625 | L44: 7314.95
A45: 42 | B45: Orland Park, IL | C45: Midwest | D45: 8514.82 | E45: 0 | F45: 0 | G45: 0 | H45: 0 | I45: 0 | J45: 0 | K45: 0 | L45: 0
A46: 43 | B46: Kildeer, IL | C46: Midwest | D46: 3721 | E46: 24692 | F46: 6531 | G46: 0 | H46: 0 | I46: 0 | J46: 0 | K46: 0 | L46: 0
A47: 44 | B47: Columbus, OH | C47: Midwest | D47: 4120 | E47: 15150 | F47: 9375 | G47: 0 | H47: 0 | I47: 0 | J47: 0 | K47: 0 | L47: 0
A48: 45 | B48: Powell, OH | C48: Midwest | E48: 3650 | F48: 3050 | G48: 0 | H48: 0 | I48: 0 | J48: 0 | K48: 0 | L48: 0
A49: 47 | B49: Commack, NY | C49: Mid Atlantic | D49: 21737.03 | E49: 102857 | F49: 118353.07 | G49: 10984.5 | H49: 11769.22 | I49: 11316.14 | J49: 7872.96 | K49: 9596.49 | L49: 51539.31
A50: 48 | B50: Westbury, NY | C50: Mid Atlantic | D50: 7950 | E50: 21347.14 | F50: 31377.1 | G50: 4130 | H50: 2718 | I50: 4259.65 | J50: 3227 | K50: 1555.75 | L50: 15890.4
A51: 49 | B51: Kenosha, WI | C51: Midwest | D51: 13350.04 | E51: 24566.46 | F51: 32936.07 | G51: 1426 | H51: 1799 | I51: 3284 | J51: 3692 | K51: 2853 | L51: 13054
A52: 53 | B52: Chester Springs, PA | C52: Mid Atlantic | D52: 18514.08 | E52: 21836 | F52: 9728.33 | G52: 360 | H52: 235 | I52: 855 | J52: 570 | K52: 0 | L52: 2020
A53: 54 | B53: Geneva, IL | C53: Midwest | D53: 10345 | E53: 4110 | F53: 1320 | G53: 0 | H53: 80 | I53: 0 | J53: -150 | K53: 0 | L53: -70
A54: 55 | B54: Scarsdale, NY | C54: Mid Atlantic | D54: 0 | E54: 2347.5 | F54: 9610 | G54: 0 | H54: 0 | I54: 0 | J54: 0 | K54: 0 | L54: 0
A55: 56 | B55: Minot, ND | C55: Midwest | D55: 3500 | E55: 300 | F55: 0 | G55: 0 | H55: 0 | I55: 0 | J55: 0 | K55: 0 | L55: 0
A56: 57 | B56: Parkville, MO | C56: Midwest | D56: 0 | E56: 0 | F56: 0 | G56: 0 | H56: 0 | I56: 0 | J56: 0 | K56: 0 | L56: 0
A57: 58 | B57: Tualatin, OR | C57: Pacific Northwest | D57: 124389.55 | E57: 118774.5 | F57: 79107.85
A58: 59 | B58: Shorewood, IL | C58: Midwest | E58: 1167 | F58: 6814 | G58: 635 | H58: 385 | I58: 245 | J58: 255 | K58: 570 | L58: 2090
A59: 60 | B59: Broadview Heights, OH | C59: Midwest | D59: 8508.53 | E59: 13500 | F59: 12750 | G59: 2070 | H59: 2010 | I59: 0 | J59: 2170 | K59: 800 | L59: 7050
A60: 61 | B60: Wrigleyville, IL | C60: Midwest | D60: 880 | E60: 3900 | F60: 1385 | G60: 510 | H60: 1300 | I60: 240 | J60: 0 | K60: 0 | L60: 2050
A61: 62 | B61: Avon, OH | C61: Midwest | D61: 32359.12 | E61: 5562.5 | F61: 8750 | G61: 1005 | H61: 1800 | I61: 500 | J61: 2100 | K61: 100 | L61: 5505
A62: 63 | B62: Appleton, WI | C62: Midwest | D62: 15767.46 | E62: 14037.81 | F62: 12993.79 | G62: 1677.18 | H62: 1776.09 | I62: 1326.09 | J62: 3305.45 | K62: 425 | L62: 8509.81
A63: 64 | B63: Worcester, MA | C63: Northeast | D63: 16908.45 | E63: 23872.65 | F63: 18397.15 | G63: 1660 | H63: 2009 | I63: 2470 | J63: 1190 | K63: 450 | L63: 7779
A64: 65 | B64: Ellisville, MO | C64: Midwest | D64: 0 | E64: 250 | F64: 380 | G64: 0 | H64: 40 | I64: 20 | J64: 0 | K64: 0 | L64: 60
A65: 66 | B65: Brooklyn, NY | C65: Northeast | E65: 1250 | F65: 8547.5 | G65: 590 | H65: 415 | I65: 1515 | J65: 780 | K65: 270 | L65: 3570
A66: 67 | B66: Naperville, IL | C66: Midwest | D66: 9756.1 | E66: 6206.22 | F66: 7205 | G66: 1190 | H66: 825 | I66: 1305 | J66: 0 | K66: 0 | L66: 3320
A67: 68 | B67: Portland, ME | C67: Northeast | D67: 18992 | E67: 10705 | F67: 2192 | G67: 0 | H67: 150 | I67: 0 | J67: 150 | K67: 0 | L67: 300
A68: 69 | B68: Rapid City, SD | C68: Midwest | D68: 80 | E68: 1032 | F68: 309.99 | G68: 0 | H68: 0 | I68: 0 | J68: 0 | K68: 0 | L68: 0
A69: 70 | B69: Algonquin, IL | C69: Midwest | D69: 4650 | E69: 6486 | F69: 5880 | G69: 65 | H69: 195 | I69: 915 | J69: 65 | K69: 0 | L69: 1240
A70: 71 | B70: Plainfield, IN | C70: Midwest | D70: 5821.63 | E70: 2861 | F70: 2920 | G70: 500 | H70: 660 | I70: 460 | J70: 245 | K70: 0 | L70: 1865
A71: 72 | B71: Acton, MA | C71: Northeast | D71: 24996 | E71: 26353.2 | F71: 21892.5 | G71: 8488 | H71: 2924 | I71: 3573.5 | J71: 608 | K71: 891 | L71: 16484.5
A72: 73 | B72: Alpharetta, GA | C72: South | D72: 0 | E72: 1555 | F72: 12005 | G72: 200 | H72: 275 | I72: 75 | J72: 125 | K72: 25 | L72: 700
A73: 74 | B73: Pasadena, MD | C73: Mid Atlantic | D73: 270 | E73: 3425 | F73: 3780 | G73: 250 | H73: 0 | I73: 680 | J73: 140 | K73: 680 | L73: 1750
A74: 76 | B74: Omaha, NE | C74: Midwest | D74: 7392.85 | E74: 0 | F74: 0 | G74: 0 | H74: 0 | I74: 0 | J74: 0 | K74: 0 | L74: 0
A75: 78 | B75: South Loop, IL | C75: Midwest | F75: 6140 | G75: 1025 | H75: 625 | I75: 2275 | J75: 420 | K75: 0 | L75: 4345
A76: 79 | B76: Ashburn, VA | C76: South | E76: 8928 | F76: 3274.5 | G76: 1837.5 | H76: 3141 | I76: 2233.5 | J76: 3638.5 | K76: 2722 | L76: 13572.5
A77: 80 | B77: Des Moines, IA | C77: Midwest | D77: 318 | E77: 1130 | F77: 660 | G77: 0 | H77: 0 | I77: 0 | J77: 0 | K77: 0 | L77: 0
A78: 81 | B78: Kennewick, WA | C78: Pacific Northwest | D78: 0 | E78: 0 | F78: 0 | G78: 0 | H78: 0 | I78: 0 | J78: 0 | K78: 0 | L78: 0
A79: 82 | B79: Spokane Valley, WA | C79: Pacific Northwest | D79: 727.5 | E79: 0 | F79: 0 | G79: 0 | H79: 0 | I79: 0 | J79: 0 | K79: 0 | L79: 0
A80: 83 | B80: Medina, MN | C80: Midwest | D80: 11851 | E80: 11122 | F80: 15265.25 | G80: 3108.75 | H80: 895 | I80: 4098.75 | J80: 1318.75 | K80: 3108.75 | L80: 12530
A81: 84 | B81: Nashville, TN | C81: South | D81: 0 | E81: 3040 | F81: 3000 | G81: 0 | H81: 0 | I81: 0 | J81: 0 | K81: 0 | L81: 0
A82: 85 | B82: Vancouver, WA | C82: Pacific Northwest | D82: 10875 | E82: 45673.22 | F82: 20786
A83: 86 | B83: El Dorado Hills, CA | C83: West | D83: 6060 | E83: 7830.95 | F83: 12587.2 | G83: 1350 | H83: 1320 | I83: 300 | J83: 0 | K83: 0 | L83: 2970
A84: 87 | B84: Riverton, UT | C84: Rocky Mountains | D84: 14395 | E84: 17848.63 | F84: 19240 | G84: 2605 | H84: 390 | I84: 1415 | J84: 1500 | K84: 250 | L84: 6160
A85: 88 | B85: Bloomington, IL | C85: Midwest | D85: 35350 | E85: 46440 | F85: 43569.5 | G85: 6825 | H85: 1710 | I85: 5225 | J85: 4115 | K85: 6075 | L85: 23950
A86: 89 | B86: Walpole, MA | C86: Northeast | D86: 4510 | E86: 660 | F86: 220 | G86: 110 | H86: 430 | I86: 0 | J86: 0 | K86: 0 | L86: 540
A87: 90 | B87: Rockwall, TX | C87: South | D87: 0 | E87: 493.5 | F87: 4543.79 | G87: 742.5 | H87: 582.48 | I87: 659.99 | J87: 597.5 | K87: 855.01 | L87: 3437.48
A88: 92 | B88: North Canton, OH | C88: Midwest | D88: 0 | E88: 0 | F88: 0 | G88: 0 | H88: 0 | I88: 0 | J88: 0 | K88: 0 | L88: 0
A89: 93 | B89: Perrysburg, OH | C89: Midwest | D89: 700 | E89: 4368 | F89: 4980 | G89: 1190 | H89: 1695 | I89: 2015 | J89: 55 | K89: 490 | L89: 5445
A90: 94 | B90: Cary, NC | C90: South | E90: 12149.73 | F90: 20886.47 | G90: 3930 | H90: 4173 | I90: 3345 | J90: 1140 | K90: 1380 | L90: 13968
A91: 95 | B91: Boise, ID | C91: Pacific Northwest | D91: 9084 | E91: 10289.4 | F91: 10439 | G91: 198 | H91: 297 | I91: 457 | J91: 0 | K91: 0 | L91: 952
A92: 96 | B92: Methuen, MA | C92: Northeast | D92: 1920 | E92: 5551 | F92: 8220 | G92: 0 | H92: 0 | I92: 0 | J92: 0 | K92: 0 | L92: 0
A93: 97 | B93: Solon, OH | C93: Midwest | D93: 24429 | E93: 21693.46 | F93: 22512.5 | G93: 1056.5 | H93: 2548 | I93: 1405 | J93: 937.5 | K93: 1145 | L93: 7092
A94: 98 | B94: Beaverton, OR | C94: Pacific Northwest | E94: 0 | F94: 1790
A95: 99 | B95: St. Clair Shores, MI | C95: Midwest | D95: 13082 | E95: 15239.13 | F95: 6590.25 | G95: 225 | H95: 0 | I95: 165 | J95: 1610 | K95: 790 | L95: 2790
A96: 100 | B96: Bismarck, ND | C96: Midwest | D96: 0 | E96: 0 | F96: 0 | G96: 0 | H96: 0 | I96: 0 | J96: 0 | K96: 0 | L96: 0
A97: 103 | B97: Mason, OH | C97: Midwest | F97: 0 | G97: 0 | H97: 140 | I97: 924 | J97: 140 | K97: 140 | L97: 1344
A98: 105 | B98: Rockford, IL | C98: Midwest | F98: 0 | G98: 0 | H98: 0 | I98: 0 | J98: 0 | K98: 0 | L98: 0
A99: 106 | B99: Eden Prairie, MN | C99: Midwest | D99: 270 | E99: 7615 | F99: 12005.5 | G99: 223.75 | H99: 223.75 | I99: 0 | J99: 0 | K99: 100 | L99: 547.5
A100: 108 | B100: Apple Valley, MN | C100: Midwest | D100: 9540 | E100: 8672 | F100: 17252.5 | G100: 1118.75 | H100: 1218.75 | I100: 718.75 | J100: 1213.75 | K100: 223.75 | L100: 4493.75
A101: 109 | B101: Colorado Springs, CO | C101: Rocky Mountains | D101: 3083.19 | E101: 7566.85 | F101: 10623 | G101: 620 | H101: 580 | I101: 600 | J101: 1288 | K101: 740 | L101: 3828
A102: 110 | B102: Chesapeake, VA | C102: South | F102: 10610 | G102: 42.54 | H102: 0 | I102: 333.99 | J102: 97.5 | K102: 130 | L102: 604.03
A103: 111 | B103: Murfreesboro, TN | C103: South | E103: 0 | F103: 0 | G103: 0 | H103: 0 | I103: 0 | J103: 0 | K103: 0 | L103: 0
A104: 113 | B104: Bel Air, MD | C104: Northeast | D104: 1000 | E104: 44430.09 | F104: 24209.65 | G104: 678 | H104: 1182 | I104: 1856.98 | J104: 1297.2 | K104: 180 | L104: 5194.18
A105: 114 | B105: Toledo, OH | C105: Midwest | D105: 0 | E105: 45 | F105: 3245 | G105: 720 | H105: 840 | I105: 570 | J105: 180 | K105: 90 | L105: 2400
A106: 116 | B106: Fairlawn, OH | C106: Midwest | E106: 4290 | F106: 10720 | G106: 2100 | H106: 270 | I106: 0 | J106: 0 | K106: 270 | L106: 2640
A107: 117 | B107: Sauk Valley, IL | C107: Midwest | D107: 1988.07 | E107: 2894.5 | F107: 3150 | G107: 150 | H107: 515 | I107: 425 | J107: 527.06 | K107: 290 | L107: 1907.06
A108: 118 | B108: Cedar Rapids, IA | C108: Midwest | D108: 315 | E108: 4774.08 | F108: 3317 | G108: 0 | H108: 0 | I108: 0 | J108: 0 | K108: 0 | L108: 0
A109: 119 | B109: South County, MO | C109: Midwest | E109: 12160 | F109: 14247.5 | G109: 1745 | H109: 848.5 | I109: 1815 | J109: 790 | K109: 5500 | L109: 10698.5
...

Sheet Category Avg by # Sims
A1: Category Avg by # Sims
A2: *This document is strictly confidential and may not be shared or redistributed in any form without written consent from the corporate office.
A4: Years | B4: 2026
A5: Sales_Date | B5: May
E7: Average Per Sim
A8: Location ID | B8: City_State | C8: Region | D8: # of Sims | E8: Golf | F8: League | G8: Lessons | H8: Beverage | I8: Food | J8: Merchandise | K8: Total Sales
A9: 2 | B9: Novi, MI | C9: Midwest | D9: 5 | E9: 3018.97 | F9: 216 | G9: 0 | H9: 694.096 | I9: 198.944 | J9: 38.2 | K9: 4166.21
A10: 4 | B10: Huntsville, AL | C10: South | D10: 5 | E10: 3769.554 | F10: 347 | G10: 0 | H10: 1150.56 | I10: 342.088 | J10: 0 | K10: 5609.202
A11: 6 | B11: Grand Rapids, MI | C11: Midwest | D11: 6 | E11: 1308.6083 | F11: 7.5 | G11: 206.66667 | H11: 377.5 | I11: 85.336667 | J11: 0.83166667 | K11: 1986.4433
A12: 7 | B12: Ann Arbor, MI | C12: Midwest | D12: 6 | E12: 2153.3267 | F12: 0 | G12: 0 | H12: 490.58333 | I12: 150.83333 | J12: 188.41833 | K12: 2983.1617
A13: 8 | B13: Shelby Twp, MI | C13: Midwest | D13: 6 | E13: 2056.6617 | F13: 248.33333 | G13: 96.25 | H13: 1407.8533 | I13: 208.99333 | J13: 7.8283333 | K13: 4025.92
A14: 9 | B14: Grand Junction, CO | C14: Rocky Mountains | D14: 5 | E14: 3956.658 | F14: 920 | G14: 0 | H14: 1687.642 | I14: 265.42 | J14: 5.46 | K14: 6835.18
A15: 10 | B15: Holland, MI | C15: Midwest | D15: 6 | E15: 1473.165 | F15: 0 | G15: 79.166667 | H15: 476.70833 | I15: 140.5 | J15: 4.165 | K15: 2173.705
A16: 11 | B16: Kalamazoo, MI | C16: Midwest | D16: 6 | E16: 1196.68 | F16: 93.333333 | G16: 205 | H16: 694.78 | I16: 121.33333 | J16: 78.82 | K16: 2389.9467
A17: 12 | B17: Rochester Hills, MI | C17: Midwest | D17: 6 | E17: 1281.575 | F17: 30 | G17: 0 | H17: 290.01 | I17: 63.27 | J17: 4.4166667 | K17: 1669.2717
A18: 13 | B18: Lansing, MI | C18: Midwest | D18: 6 | E18: 2924.66 | F18: 0 | G18: 20.833333 | H18: 775.8 | I18: 235.13333 | J18: 0 | K18: 3956.4267
A19: 14 | B19: Woodbury, MN | C19: Midwest | D19: 6 | E19: 443.335 | F19: 20.833333 | G19: 74.583333 | H19: 555.58333 | I19: 117 | J19: 0 | K19: 1211.335
A20: 15 | B20: Fort Collins, CO | C20: Rocky Mountains | D20: 7 | E20: 4920.0714 | F20: 1085.7143 | G20: 184.28571 | H20: 2033.95 | I20: 290.45714 | J20: 251.37143 | K20: 8765.85
... A143: 902 | B143: Washington, DC | C143: Mid Atlantic | D143: 8 | E143: 2090.6 | F143: 223.25 | G143: 0 | H143: 721.99375 | I143: 173.76625 | J143: 0 | K143: 3209.61
A144: Grand Total | E144: 3171.029 | F144: 152.85051 | G144: 85.90283 | H144: 1231.4057 | I144: 419.48565 | J144: 54.633357 | K144: 5138.3734

Sheet Attachments (as % of Golf)
A1: Attachment Rate (as % of Golf Revenue)
A2: *This document is strictly confidential and may not be shared or redistributed in any form without written consent from the corporate office.
A4: Years | B4: 2026
A5: Sales_Date | B5: May
E7: Attachment Rate
A8: Location ID | B8: City_State | C8: Region | D8: # of Sims | E8: Total Golf Revenue | F8: League | G8: Lessons | H8: Beverage | I8: Food | J8: Merchandise
A9: 2 | B9: Novi, MI | C9: Midwest | D9: 5 | E9: 15094.85 | F9: 0.071547581 | G9: 0 | H9: 0.22991153 | I9: 0.065897972 | J9: 0.012653322
A10: 4 | B10: Huntsville, AL | C10: South | D10: 5 | E10: 18847.77 | F10: 0.09205333 | G10: 0 | H10: 0.30522444 | I10: 0.090750259 | J10: 0
A11: 6 | B11: Grand Rapids, MI | C11: Midwest | D11: 6 | E11: 7851.65 | F11: 0.0057312794 | G11: 0.15792859 | H11: 0.2884744 | I11: 0.065211771 | J11: 0.00063553521
A12: 7 | B12: Ann Arbor, MI | C12: Midwest | D12: 6 | E12: 12919.96 | F12: 0 | G12: 0 | H12: 0.22782578 | I12: 0.070046656 | J12: 0.087501045
A13: 8 | B13: Shelby Twp, MI | C13: Midwest | D13: 6 | E13: 12339.97 | F13: 0.12074584 | G13: 0.046799141 | H13: 0.68453327 | I13: 0.10161775 | J13: 0.0038063302
A14: 9 | B14: Grand Junction, CO | C14: Rocky Mountains | D14: 5 | E14: 19783.29 | F14: 0.23251946 | G14: 0 | H14: 0.42653219 | I14: 0.067081866 | J14: 0.0013799525
A15: 10 | B15: Holland, MI | C15: Midwest | D15: 6 | E15: 8838.99 | F15: 0 | G15: 0.053739172 | H15: 0.32359466 | I15: 0.095372888 | J15: 0.0028272461
A16: 11 | B16: Kalamazoo, MI | C16: Midwest | D16: 6 | E16: 7180.08 | F16: 0.07799356 | G16: 0.17130728 | H16: 0.58058963 | I16: 0.10139163 | J16: 0.065865561
A17: 12 | B17: Rochester Hills, MI | C17: Midwest | D17: 6 | E17: 7689.45 | F17: 0.023408696 | G17: 0 | H17: 0.22629187 | I17: 0.049368941 | J17: 0.0034462803
A18: 13 | B18: Lansing, MI | C18: Midwest | D18: 6 | E18: 17547.96 | F18: 0 | G18: 0.0071233351 | H18: 0.2652616 | I18: 0.08039681 | J18: 0
A19: 14 | B19: Woodbury, MN | C19: Midwest | D19: 6 | E19: 2660.01 | F19: 0.046992305 | G19: 0.16823245 | H19: 1.2531908 | I19: 0.26390878 | J19: 0
A20: 15 | B20: Fort Collins, CO | C20: Rocky Mountains | D20: 7 | E20: 34440.5 | F20: 0.22067043 | G20: 0.037455902 | H20: 0.41339847 | I20: 0.059035148 | J20: 0.051091012
... A143: 902 | B143: Washington, DC | C143: Mid Atlantic | D143: 8 | E143: 16724.8 | F143: 0.10678753 | G143: 0 | H143: 0.34535241 | I143: 0.083117885 | J143: 0
A144: Grand Total | E144: 3126634.6 | F144: 0.048202179 | G144: 0.027089891 | H144: 0.38833002 | I144: 0.13228692 | J144: 0.017228905

Sheet YoY Analysis
A1: Year-over-Year Analysis - MTD & YTD
A2: *This document is strictly confidential and may not be shared or redistributed in any form without written consent from the corporate office.
A4: Current Month | B4: =MAX(Table_Sales_Data[[#All],[Sales_Date]]) -> 46143
A5: Beginning of Year | B5: =DATE(YEAR(B4),1,1) -> 46023
A6: Beginning of Previous Year | B6: =DATE(YEAR(B4)-1,1,1) -> 45658
D7: =YEAR(B4)-1 -> 2025 | F7: =YEAR(B4) -> 2026 | H7: YoY Analysis
A8: Location ID | B8: City_State | C8: Region | D8: =DATE(YEAR(B4)-1,MONTH(B4),DAY(B4)) -> 45778 | E8: YTD | F8: =DATE(YEAR(B4),MONTH(B4),DAY(B4)) -> 46143 | G8: YTD | H8: MTD | I8: YTD
A9: 2 | B9: Novi, MI | C9: Midwest | D9: =SUMIFS(Table_Sales_Data[[#All],[Total Sales]],Table_Sales_Data[[#All],[Sales_Date]],'YoY Analysis'!$D$8,Table_Sales_Data[[#All],[Location ID]],'YoY Analysis'!A9) -> 25672.96 | E9: =SUMIFS(Table_Sales_Data[[#All],[Total Sales]],Table_Sales_Data[[#All],[Sales_Date]],"<="&'YoY Analysis'!$D$8,Table_Sales_Data[[#All],[Sales_Date]],">="&'YoY Analysis'!$B$6,Table_Sales_Data[[#All],[Location ID]],'YoY Analysis'!A9) -> 336041.94 | F9: =SUMIFS(Table_Sales_Data[[#All],[Total Sales]],Table_Sales_Data[[#All],[Sales_Date]],'YoY Analysis'!$F$8,Table_Sales_Data[[#All],[Location ID]],'YoY Analysis'!A9) -> 20831.05 | G9: =SUMIFS(Table_Sales_Data[[#All],[Total Sales]],Table_Sales_Data[[#All],[Sales_Date]],"<="&'YoY Analysis'!$F$8,Table_Sales_Data[[#All],[Sales_Date]],">="&'YoY Analysis'!$B$5,Table_Sales_Data[[#All],[Location ID]],'YoY Analysis'!A9) -> 345916.77 | H9: =IFERROR((F9-D9)/D9,0) -> -0.1885996 | I9: =IFERROR((G9-E9)/E9,0) -> 0.029385707
A10: 4 | B10: Huntsville, AL | C10: South | D10: =SUMIFS(Table_Sales_Data[[#All],[Total Sales]],Table_Sales_Data[[#All],[Sales_Date]],'YoY Analysis'!$D$8,Table_Sales_Data[[#All],[Location ID]],'YoY Analysis'!A10) -> 61691.9 | E10: =SUMIFS(Table_Sales_Data[[#All],[Total Sales]],Table_Sales_Data[[#All],[Sales_Date]],"<="&'YoY Analysis'!$D$8,Table_Sales_Data[[#All],[Sales_Date]],">="&'YoY Analysis'!$B$6,Table_Sales_Data[[#All],[Location ID]],'YoY Analysis'!A10) -> 280465.95 | F10: =SUMIFS(Table_Sales_Data[[#All],[Total Sales]],Table_Sales_Data[[#All],[Sales_Date]],'YoY Analysis'!$F$8,Table_Sales_Data[[#All],[Location ID]],'YoY Analysis'!A10) -> 28046.01 | G10: =SUMIFS(Table_Sales_Data[[#All],[Total Sales]],Table_Sales_Data[[#All],[Sales_Date]],"<="&'YoY Analysis'!$F$8,Table_Sales_Data[[#All],[Sales_Date]],">="&'YoY Analysis'!$B$5,Table_Sales_Data[[#All],[Location ID]],'YoY Analysis'!A10) -> 180523.32 | H10: =IFERROR((F10-D10)/D10,0) -> -0.54538586 | I10: =IFERROR((G10-E10)/E10,0) -> -0.35634497
A11: 6 | B11: Grand Rapids, MI | C11: Midwest | D11: =SUMIFS(Table_Sales_Data[[#All],[Total Sales]],Table_Sales_Data[[#All],[Sales_Date]],'YoY Analysis'!$D$8,Table_Sales_Data[[#All],[Location ID]],'YoY Analysis'!A11) -> 20520.95 | E11: =SUMIFS(Table_Sales_Data[[#All],[Total Sales]],Table_Sales_Data[[#All],[Sales_Date]],"<="&'YoY Analysis'!$D$8,Table_Sales_Data[[#All],[Sales_Date]],">="&'YoY Analysis'!$B$6,Table_Sales_Data[[#All],[Location ID]],'YoY Analysis'!A11) -> 415964.65 | F11: =SUMIFS(Table_Sales_Data[[#All],[Total Sales]],Table_Sales_Data[[#All],[Sales_Date]],'YoY Analysis'!$F$8,Table_Sales_Data[[#All],[Location ID]],'YoY Analysis'!A11) -> 11918.66 | G11: =SUMIFS(Table_Sales_Data[[#All],[Total Sales]],Table_Sales_Data[[#All],[Sales_Date]],"<="&'YoY Analysis'!$F$8,Table_Sales_Data[[#All],[Sales_Date]],">="&'YoY Analysis'!$B$5,Table_Sales_Data[[#All],[Location ID]],'YoY Analysis'!A11) -> 384795.61 | H11: =IFERROR((F11-D11)/D11,0) -> -0.41919551 | I11: =IFERROR((G11-E11)/E11,0) -> -0.074931944
A12: 7 | B12: Ann Arbor, MI | C12: Midwest | D12: =SUMIFS(Table_Sales_Data[[#All],[Total Sales]],Table_Sales_Data[[#All],[Sales_Date]],'YoY Analysis'!$D$8,Table_Sales_Data[[#All],[Location ID]],'YoY Analysis'!A12) -> 10923.84 | E12: =SUMIFS(Table_Sales_Data[[#All],[Total Sales]],Table_Sales_Data[[#All],[Sales_Date]],"<="&'YoY Analysis'!$D$8,Table_Sales_Data[[#All],[Sales_Date]],">="&'YoY Analysis'!$B$6,Table_Sales_Data[[#All],[Location ID]],'YoY Analysis'!A12) -> 312051.55 | F12: =SUMIFS(Table_Sales_Data[[#All],[Total Sales]],Table_Sales_Data[[#All],[Sales_Date]],'YoY Analysis'!$F$8,Table_Sales_Data[[#All],[Location ID]],'YoY Analysis'!A12) -> 17898.97 | G12: =SUMIFS(Table_Sales_Data[[#All],[Total Sales]],Table_Sales_Data[[#All],[Sales_Date]],"<="&'YoY Analysis'!$F$8,Table_Sales_Data[[#All],[Sales_Date]],">="&'YoY Analysis'!$B$5,Table_Sales_Data[[#All],[Location ID]],'YoY Analysis'!A12) -> 357769.86 | H12: =IFERROR((F12-D12)/D12,0) -> 0.63852363 | I12: =IFERROR((G12-E12)/E12,0) -> 0.14650884
A13: 8 | B13: Shelby Twp, MI | C13: Midwest | D13: =SUMIFS(Table_Sales_Data[[#All],[Total Sales]],Table_Sales_Data[[#All],[Sales_Date]],'YoY Analysis'!$D$8,Table_Sales_Data[[#All],[Location ID]],'YoY Analysis'!A13) -> 17320.98 | E13: =SUMIFS(Table_Sales_Data[[#All],[Total Sales]],Table_Sales_Data[[#All],[Sales_Date]],"<="&'YoY Analysis'!$D$8,Table_Sales_Data[[#All],[Sales_Date]],">="&'YoY Analysis'!$B$6,Table_Sales_Data[[#All],[Location ID]],'YoY Analysis'!A13) -> 442287 | F13: =SUMIFS(Table_Sales_Data[[#All],[Total Sales]],Table_Sales_Data[[#All],[Sales_Date]],'YoY Analysis'!$F$8,Table_Sales_Data[[#All],[Location ID]],'YoY Analysis'!A13) -> 24155.52 | G13: =SUMIFS(Table_Sales_Data[[#All],[Total Sales]],Table_Sales_Data[[#All],[Sales_Date]],"<="&'YoY Analysis'!$F$8,Table_Sales_Data[[#All],[Sales_Date]],">="&'YoY Analysis'!$B$5,Table_Sales_Data[[#All],[Location ID]],'YoY Analysis'!A13) -> 483229.46 | H13: =IFERROR((F13-D13)/D13,0) -> 0.3945816 | I13: =IFERROR((G13-E13)/E13,0) -> 0.092569892
A14: 9 | B14: Grand Junction, CO | C14: Rocky Mountains | D14: =SUMIFS(Table_Sales_Data[[#All],[Total Sales]],Table_Sales_Data[[#All],[Sales_Date]],'YoY Analysis'!$D$8,Table_Sales_Data[[#All],[Location ID]],'YoY Analysis'!A14) -> 32837.47 | E14: =SUMIFS(Table_Sales_Data[[#All],[Total Sales]],Table_Sales_Data[[#All],[Sales_Date]],"<="&'YoY Analysis'!$D$8,Table_Sales_Data[[#All],[Sales_Date]],">="&'YoY Analysis'!$B$6,Table_Sales_Data[[#All],[Location ID]],'YoY Analysis'!A14) -> 284613.03 | F14: =SUMIFS(Table_Sales_Data[[#All],[Total Sales]],Table_Sales_Data[[#All],[Sales_Date]],'YoY Analysis'!$F$8,Table_Sales_Data[[#All],[Location ID]],'YoY Analysis'!A14) -> 34175.9 | G14: =SUMIFS(Table_Sales_Data[[#All],[Total Sales]],Table_Sales_Data[[#All],[Sales_Date]],"<="&'YoY Analysis'!$F$8,Table_Sales_Data[[#All],[Sales_Date]],">="&'YoY Analysis'!$B$5,Table_Sales_Data[[#All],[Location ID]],'YoY Analysis'!A14) -> 300493.64 | H14: =IFERROR((F14-D14)/D14,0) -> 0.04075923 | I14: =IFERROR((G14-E14)/E14,0) -> 0.055797199
A15: 10 | B15: Holland, MI | C15: Midwest | D15: =SUMIFS(Table_Sales_Data[[#All],[Total Sales]],Table_Sales_Data[[#All],[Sales_Date]],'YoY Analysis'!$D$8,Table_Sales_Data[[#All],[Location ID]],'YoY Analysis'!A15) -> 13266.73 | E15: =SUMIFS(Table_Sales_Data[[#All],[Total Sales]],Table_Sales_Data[[#All],[Sales_Date]],"<="&'YoY Analysis'!$D$8,Table_Sales_Data[[#All],[Sales_Date]],">="&'YoY Analysis'!$B$6,Table_Sales_Data[[#All],[Location ID]],'YoY Analysis'!A15) -> 426077.29 | F15: =SUMIFS(Table_Sales_Data[[#All],[Total Sales]],Table_Sales_Data[[#All],[Sales_Date]],'YoY Analysis'!$F$8,Table_Sales_Data[[#All],[Location ID]],'YoY Analysis'!A15) -> 13042.23 | G15: =SUMIFS(Table_Sales_Data[[#All],[Total Sales]],Table_Sales_Data[[#All],[Sales_Date]],"<="&'YoY Analysis'!$F$8,Table_Sales_Data[[#All],[Sales_Date]],">="&'YoY Analysis'!$B$5,Table_Sales_Data[[#All],[Location ID]],'YoY Analysis'!A15) -> 422975.9 | H15: =IFERROR((F15-D15)/D15,0) -> -0.01692203 | I15: =IFERROR((G15-E15)/E15,0) -> -0.0072789376
A16: 11 | B16: Kalamazoo, MI | C16: Midwest | D16: =SUMIFS(Table_Sales_Data[[#All],[Total Sales]],Table_Sales_Data[[#All],[Sales_Date]],'YoY Analysis'!$D$8,Table_Sales_Data[[#All],[Location ID]],'YoY Analysis'!A16) -> 20438.01 | E16: =SUMIFS(Table_Sales_Data[[#All],[Total Sales]],Table_Sales_Data[[#All],[Sales_Date]],"<="&'YoY Analysis'!$D$8,Table_Sales_Data[[#All],[Sales_Date]],">="&'YoY Analysis'!$B$6,Table_Sales_Data[[#All],[Location ID]],'YoY Analysis'!A16) -> 440518.97 | F16: =SUMIFS(Table_Sales_Data[[#All],[Total Sales]],Table_Sales_Data[[#All],[Sales_Date]],'YoY Analysis'!$F$8,Table_Sales_Data[[#All],[Location ID]],'YoY Analysis'!A16) -> 14339.68 | G16: =SUMIFS(Table_Sales_Data[[#All],[Total Sales]],Table_Sales_Data[[#All],[Sales_Date]],"<="&'YoY Analysis'!$F$8,Table_Sales_Data[[#All],[Sales_Date]],">="&'YoY Analysis'!$B$5,Table_Sales_Data[[#All],[Location ID]],'YoY Analysis'!A16) -> 495857.26 | H16: =IFERROR((F16-D16)/D16,0) -> -0.29838179 | I16: =IFERROR((G16-E16)/E16,0) -> 0.12562067
A17: 12 | B17: Rochester Hills, MI | C17: Midwest | D17: =SUMIFS(Table_Sales_Data[[#All],[Total Sales]],Table_Sales_Data[[#All],[Sales_Date]],'YoY Analysis'!$D$8,Table_Sales_Data[[#All],[Location ID]],'YoY Analysis'!A17) -> 14182.23 | E17: =SUMIFS(Table_Sales_Data[[#All],[Total Sales]],Table_Sales_Data[[#All],[Sales_Date]],"<="&'YoY Analysis'!$D$8,Table_Sales_Data[[#All],[Sales_Date]],">="&'YoY Analysis'!$B$6,Table_Sales_Data[[#All],[Location ID]],'YoY Analysis'!A17) -> 366316.58 | F17: =SUMIFS(Table_Sales_Data[[#All],[Total Sales]],Table_Sales_Data[[#All],[Sales_Date]],'YoY Analysis'!$F$8,Table_Sales_Data[[#All],[Location ID]],'YoY Analysis'!A17) -> 10015.63 | G17: =SUMIFS(Table_Sales_Data[[#All],[Total Sales]],Table_Sales_Data[[#All],[Sales_Date]],"<="&'YoY Analysis'!$F$8,Table_Sales_Data[[#All],[Sales_Date]],">="&'YoY Analysis'!$B$5,Table_Sales_Data[[#All],[Location ID]],'YoY Analysis'!A17) -> 333903.87 | H17: =IFERROR((F17-D17)/D17,0) -> -0.29379019 | I17: =IFERROR((G17-E17)/E17,0) -> -0.088482782
A18: 13 | B18: Lansing, MI | C18: Midwest | D18: =SUMIFS(Table_Sales_Data[[#All],[Total Sales]],Table_Sales_Data[[#All],[Sales_Date]],'YoY Analysis'!$D$8,Table_Sales_Data[[#All],[Location ID]],'YoY Analysis'!A18) -> 29631.29 | E18: =SUMIFS(Table_Sales_Data[[#All],[Total Sales]],Table_Sales_Data[[#All],[Sales_Date]],"<="&'YoY Analysis'!$D$8,Table_Sales_Data[[#All],[Sales_Date]],">="&'YoY Analysis'!$B$6,Table_Sales_Data[[#All],[Location ID]],'YoY Analysis'!A18) -> 435562.39 | F18: =SUMIFS(Table_Sales_Data[[#All],[Total Sales]],Table_Sales_Data[[#All],[Sales_Date]],'YoY Analysis'!$F$8,Table_Sales_Data[[#All],[Location ID]],'YoY Analysis'!A18) -> 23738.56 | G18: =SUMIFS(Table_Sales_Data[[#All],[Total Sales]],Table_Sales_Data[[#All],[Sales_Date]],"<="&'YoY Analysis'!$F$8,Table_Sales_Data[[#All],[Sales_Date]],">="&'YoY Analysis'!$B$5,Table_Sales_Data[[#All],[Location ID]],'YoY Analysis'!A18) -> 404705.46 | H18: =IFERROR((F18-D18)/D18,0) -> -0.19886849 | I18: =IFERROR((G18-E18)/E18,0) -> -0.070843881
A19: 14 | B19: Woodbury, MN | C19: Midwest | D19: =SUMIFS(Table_Sales_Data[[#All],[Total Sales]],Table_Sales_Data[[#All],[Sales_Date]],'YoY Analysis'!$D$8,Table_Sales_Data[[#All],[Location ID]],'YoY Analysis'!A19) -> 15988.23 | E19: =SUMIFS(Table_Sales_Data[[#All],[Total Sales]],Table_Sales_Data[[#All],[Sales_Date]],"<="&'YoY Analysis'!$D$8,Table_Sales_Data[[#All],[Sales_Date]],">="&'YoY Analysis'!$B$6,Table_Sales_Data[[#All],[Location ID]],'YoY Analysis'!A19) -> 335100.62 | F19: =SUMIFS(Table_Sales_Data[[#All],[Total Sales]],Table_Sales_Data[[#All],[Sales_Date]],'YoY Analysis'!$F$8,Table_Sales_Data[[#All],[Location ID]],'YoY Analysis'!A19) -> 7268.01 | G19: =SUMIFS(Table_Sales_Data[[#All],[Total Sales]],Table_Sales_Data[[#All],[Sales_Date]],"<="&'YoY Analysis'!$F$8,Table_Sales_Data[[#All],[Sales_Date]],">="&'YoY Analysis'!$B$5,Table_Sales_Data[[#All],[Location ID]],'YoY Analysis'!A19) -> 304310.35 | H19: =IFERROR((F19-D19)/D19,0) -> -0.54541497 | I19: =IFERROR((G19-E19)/E19,0) -> -0.091883656
A20: 15 | B20: Fort Collins, CO | C20: Rocky Mountains | D20: =SUMIFS(Table_Sales_Data[[#All],[Total Sales]],Table_Sales_Data[[#All],[Sales_Date]],'YoY Analysis'!$D$8,Table_Sales_Data[[#All],[Location ID]],'YoY Analysis'!A20) -> 60093.69 | E20: =SUMIFS(Table_Sales_Data[[#All],[Total Sales]],Table_Sales_Data[[#All],[Sales_Date]],"<="&'YoY Analysis'!$D$8,Table_Sales_Data[[#All],[Sales_Date]],">="&'YoY Analysis'!$B$6,Table_Sales_Data[[#All],[Location ID]],'YoY Analysis'!A20) -> 570487.12 | F20: =SUMIFS(Table_Sales_Data[[#All],[Total Sales]],Table_Sales_Data[[#All],[Sales_Date]],'YoY Analysis'!$F$8,Table_Sales_Data[[#All],[Location ID]],'YoY Analysis'!A20) -> 61360.95 | G20: =SUMIFS(Table_Sales_Data[[#All],[Total Sales]],Table_Sales_Data[[#All],[Sales_Date]],"<="&'YoY Analysis'!$F$8,Table_Sales_Data[[#All],[Sales_Date]],">="&'YoY Analysis'!$B$5,Table_Sales_Data[[#All],[Location ID]],'YoY Analysis'!A20) -> 448362.23 | H20: =IFERROR((F20-D20)/D20,0) -> 0.021088071 | I20: =IFERROR((G20-E20)/E20,0) -> -0.21407125
... A148: 902 | B148: Washington, DC | C148: Mid Atlantic | D148: =SUMIFS(Table_Sales_Data[[#All],[Total Sales]],Table_Sales_Data[[#All],[Sales_Date]],'YoY Analysis'!$D$8,Table_Sales_Data[[#All],[Location ID]],'YoY Analysis'!A148) -> 27622.24 | E148: =SUMIFS(Table_Sales_Data[[#All],[Total Sales]],Table_Sales_Data[[#All],[Sales_Date]],"<="&'YoY Analysis'!$D$8,Table_Sales_Data[[#All],[Sales_Date]],">="&'YoY Analysis'!$B$6,Table_Sales_Data[[#All],[Location ID]],'YoY Analysis'!A148) -> 186810.82 | F148: =SUMIFS(Table_Sales_Data[[#All],[Total Sales]],Table_Sales_Data[[#All],[Sales_Date]],'YoY Analysis'!$F$8,Table_Sales_Data[[#All],[Location ID]],'YoY Analysis'!A148) -> 25676.88 | G148: =SUMIFS(Table_Sales_Data[[#All],[Total Sales]],Table_Sales_Data[[#All],[Sales_Date]],"<="&'YoY Analysis'!$F$8,Table_Sales_Data[[#All],[Sales_Date]],">="&'YoY Analysis'!$B$5,Table_Sales_Data[[#All],[Location ID]],'YoY Analysis'!A148) -> 184741.76 | H148: =IFERROR((F148-D148)/D148,0) -> -0.070427308 | I148: =IFERROR((G148-E148)/E148,0) -> -0.011075697
A149: Grand Total | D149: =SUM(D9:D148) -> 5196940 | E149: =SUM(E9:E148) -> 55449235 | F149: =SUM(F9:F148) -> 5066436.2 | G149: =SUM(G9:G148) -> 56547069 | H149: =(F149-D149)/D149 -> -0.025111662 | I149: =(G149-E149)/E149 -> 0.019798894

Sheet Raw Reports (No Pivot Table)-->

Sheet Total Sales by Month_raw
A1: Total Sales by Location by Date
A2: *This document is strictly confidential and may not be shared or redistributed in any form without written consent from the corporate office.
A4: Sum of Total Sales | F4: Years | G4: Sales_Date
F5: 2023 | G5: 2024 | H5: 2025 | I5: 2026 | N5: 2026 Total
A6: Location ID | B6: City_State | C6: Region | D6: # of Sims | E6: Royalty % | I6: Jan | J6: Feb | K6: Mar | L6: Apr | M6: May
A7: 2 | B7: Novi, MI | C7: Midwest | D7: 5 | E7: 6 | F7: 649140.12 | G7: 622105.56 | H7: 615190.81 | I7: 135182.95 | J7: 78656.61 | K7: 71484.68 | L7: 39761.48 | M7: 20831.05 | N7: 345916.77
A8: 4 | B8: Huntsville, AL | C8: South | D8: 5 | E8: 6 | F8: 552143.26 | G8: 534697.4 | H8: 556953.33 | I8: 65699.18 | J8: 39950.35 | K8: 27450.74 | L8: 19377.04 | M8: 28046.01 | N8: 180523.32
A9: 6 | B9: Grand Rapids, MI | C9: Midwest | D9: 6 | E9: 6 | F9: 912130.77 | G9: 707186.72 | H9: 632528.89 | I9: 106215.06 | J9: 127057.04 | K9: 87232.51 | L9: 52372.34 | M9: 11918.66 | N9: 384795.61
A10: 7 | B10: Ann Arbor, MI | C10: Midwest | D10: 6 | E10: 6 | F10: 458482.74 | G10: 376475.25 | H10: 508990.01 | I10: 139544.23 | J10: 90580.45 | K10: 76427.84 | L10: 33318.37 | M10: 17898.97 | N10: 357769.86
A11: 8 | B11: Shelby Twp, MI | C11: Midwest | D11: 6 | E11: 6 | F11: 813062.42 | G11: 723540.51 | H11: 803888.63 | I11: 161515.39 | J11: 115081.59 | K11: 117676.66 | L11: 64800.3 | M11: 24155.52 | N11: 483229.46
A12: 9 | B12: Grand Junction, CO | C12: Rocky Mountains | D12: 5 | E12: 6 | F12: 393696.76 | G12: 484489.45 | H12: 579043.65 | I12: 117146.85 | J12: 66991.09 | K12: 42749.3 | L12: 39430.5 | M12: 34175.9 | N12: 300493.64
A13: 10 | B13: Holland, MI | C13: Midwest | D13: 6 | E13: 6 | F13: 731678.9 | G13: 646981.99 | H13: 691066.44 | I13: 122747.93 | J13: 131775.65 | K13: 100373.79 | L13: 55036.3 | M13: 13042.23 | N13: 422975.9
A14: 11 | B14: Kalamazoo, MI | C14: Midwest | D14: 6 | E14: 6 | F14: 727827.25 | G14: 672687.92 | H14: 763572.52 | I14: 159387.02 | J14: 140882.27 | K14: 122053.96 | L14: 59194.33 | M14: 14339.68 | N14: 495857.26
A15: 12 | B15: Rochester Hills, MI | C15: Midwest | D15: 6 | E15: 6 | F15: 689477.23 | G15: 584674.29 | H15: 564363.58 | I15: 138190.15 | J15: 79041.37 | K15: 73576.86 | L15: 33079.86 | M15: 10015.63 | N15: 333903.87
A16: 13 | B16: Lansing, MI | C16: Midwest | D16: 6 | E16: 6 | F16: 806910.02 | G16: 765165.57 | H16: 791750.72 | I16: 121710.34 | J16: 109160.81 | K16: 95766.62 | L16: 54329.13 | M16: 23738.56 | N16: 404705.46
A17: 14 | B17: Woodbury, MN | C17: Midwest | D17: 6 | E17: 4.5 | F17: 661148.09 | G17: 543123.17 | H17: 618247.15 | I17: 102293.66 | J17: 76900.79 | K17: 75371.55 | L17: 42476.34 | M17: 7268.01 | N17: 304310.35
A18: 15 | B18: Fort Collins, CO | C18: Rocky Mountains | D18: 7 | E18: 6 | F18: 1205504.8 | G18: 1054459.3 | H18: 1102766.4 | I18: 130332.39 | J18: 102785.14 | K18: 94532.68 | L18: 59351.07 | M18: 61360.95 | N18: 448362.23
... A25: 22 | B25: Champlin, MN | C25: Midwest | D25: 6 | E25: 4.5 | F25: 660460.36 | G25: 533955.13 | H25: 576536.1 | I25: 106896.67 | J25: 78359.03 | K25: 82310.02 | L25: 42805.02 | M25: 12682.49 | N25: 323053.23
A26: 23 | B26: Wexford, PA | C26: Mid Atlantic | F26: 644310.93 | G26: 671547.34 | H26: 420805.73
A27: 24 | B27: Garnet Valley, PA | C27: Mid Atlantic | F27: 776757.97 | G27: 766644.86 | H27: 807148.29 | I27: 151090.12 | J27: 137352.01 | K27: 81814.92 | L27: 34805.2 | M27: 40239.91 | N27: 445302.16
A28: 25 | B28: Richmond, VA | C28: South | D28: 6 | E28: 6 | F28: 676847.56 | G28: 645884.02 | H28: 709339.03 | I28: 102457.11 | J28: 82543.78 | K28: 49870.74 | L28: 23726.67 | M28: 40384.08 | N28: 298982.38
A29: 26 | B29: Glenview, IL | C29: Midwest | D29: 8 | E29: 6 | F29: 848776.45 | G29: 711892.65 | H29: 663027.37 | I29: 121718.1 | J29: 103245.1 | K29: 86455.53 | L29: 47201.61 | M29: 20392.29 | N29: 379012.63
A30: 27 | B30: Royal Oak, MI | C30: Midwest | D30: 6 | E30: 6 | F30: 936404.71 | G30: 846491.99 | H30: 845979.91 | I30: 110781.66 | J30: 152709.37 | K30: 106986.19 | L30: 57539.5 | M30: 25609.38 | N30: 453626.1
A31: 28 | B31: Madison, WI | C31: Midwest | D31: 8 | E31: 6 | F31: 654733.05 | G31: 503363.96 | H31: 496268.48 | I31: 115128.9 | J31: 94599.2 | K31: 77981.48 | L31: 43693.98 | M31: 11982.26 | N31: 343385.82
A32: 29 | B32: Middleton, WI | C32: Midwest | D32: 7 | E32: 6 | F32: 609074.5 | G32: 530080.78 | H32: 597572.44 | I32: 107749.55 | J32: 88086.37 | K32: 73510.86 | L32: 41134.95 | M32: 15386.4 | N32: 325868.13
A33: 30 | B33: Mequon, WI | C33: Midwest | D33: 7 | E33: 6 | F33: 642614.93 | G33: 583072.46 | H33: 624828.31 | I33: 98964.19 | J33: 127313.64 | K33: 77990.64 | L33: 70940.12 | M33: 29462.84 | N33: 404671.43
A34: 31 | B34: Greenwood Village, CO | C34: Rocky Mountains | D34: 7 | E34: 6 | F34: 1279896.9 | G34: 1225561.5 | H34: 1061116.6 | I34: 136174.64 | J34: 95039.19 | K34: 83426.63 | L34: 66090.33 | M34: 69303.04 | N34: 450033.83
A35: 32 | B35: Canton, MI | C35: Midwest | D35: 7 | E35: 7 | F35: 810150.57 | G35: 736553.43 | H35: 792402.77 | I35: 169043.64 | J35: 123562.68 | K35: 115159.44 | L35: 49689.96 | M35: 22378.89 | N35: 479834.61
A36: 33 | B36: Lincoln, RI | C36: Northeast | D36: 6 | E36: 6 | F36: 867756.39 | G36: 687299.41 | H36: 750551.87 | I36: 152700.6 | J36: 124084.91 | K36: 123474.56 | L36: 39452.81 | M36: 27655.91 | N36: 467368.79
A37: 34 | B37: Woodhaven, MI | C37: Midwest | D37: 7 | E37: 6 | F37: 840742.69 | G37: 808203.74 | H37: 941365.17 | I37: 210506.28 | J37: 134444.25 | K37: 125871.27 | L37: 72696.8 | M37: 38130.62 | N37: 581649.22
A38: 35 | B38: Schaumburg, IL | C38: Midwest | D38: 9 | E38: 6 | F38: 767090.64 | G38: 749129.25 | H38: 917942.66 | I38: 172196.53 | J38: 144008.04 | K38: 101347.33 | L38: 63078.08 | M38: 25462.24 | N38: 506092.22
A39: 36 | B39: Leawood, KS | C39: Midwest | D39: 7 | E39: 6 | F39: 803505.77 | G39: 825834.09 | H39: 983769.19 | I39: 153549.67 | J39: 107838.81 | K39: 81700.49 | L39: 54639.25 | M39: 39912.73 | N39: 437640.95
A40: 37 | B40: Easton, PA | C40: Mid Atlantic | F40: 513065.83 | G40: 619333.75 | H40: 703556.15 | I40: 146257.77 | J40: 126804.45 | K40: 88067.31 | L40: 28786.5 | M40: 28523.49 | N40: 418439.52
A41: 38 | B41: Downers Grove, IL | C41: Midwest | D41: 8 | E41: 6 | F41: 620760.16 | G41: 548238.53 | H41: 650529.01 | I41: 112205.42 | J41: 141183.76 | K41: 72376.95 | L41: 36280.37 | M41: 8464.83 | N41: 370511.33
A42: 39 | B42: Hilton Head, SC | C42: South | D42: 6 | E42: 6 | F42: 734997.03 | G42: 480653.92
A43: 40 | B43: Burlington, MA | C43: Northeast | D43: 7 | E43: 6 | F43: 1311718.3 | G43: 1292097.8 | H43: 1355665 | I43: 182102.58 | J43: 180958.42 | K43: 175090.51 | L43: 63694.95 | M43: 59893.26 | N43: 661739.72
A44: 41 | B44: South Charlotte, SC | C44: South | D44: 5 | E44: 6 | F44: 602936.12 | G44: 648502.31 | H44: 623265.63 | I44: 63894.39 | J44: 52478.01 | K44: 30420.38 | L44: 23742.71 | M44: 48374.26 | N44: 218909.75
A45: 42 | B45: Orland Park, IL | C45: Midwest | D45: 8 | E45: 6 | F45: 734866.4 | G45: 595840.92 | H45: 592897.34 | I45: 130827.34 | J45: 120959.38 | K45: 97318.61 | L45: 63585.3 | M45: 22490.4 | N45: 435181.03
A46: 43 | B46: Kildeer, IL | C46: Midwest | D46: 10 | E46: 6 | F46: 759278.55 | G46: 679566.66 | H46: 770923.3 | I46: 150945.42 | J46: 122030.02 | K46: 96763.41 | L46: 60608.26 | M46: 24159.45 | N46: 454506.56
A47: 44 | B47: Columbus, OH | C47: Midwest | D47: 7 | E47: 6 | F47: 1062440 | G47: 925791.68 | H47: 1070740.7 | I47: 151005.76 | J47: 135123.85 | K47: 109393.23 | L47: 53914.96 | M47: 59569.22 | N47: 509007.02
A48: 45 | B48: Powell, OH | C48: Midwest | D48: 7 | E48: 6 | G48: 435074.59 | H48: 847112.45 | I48: 130473.21 | J48: 131261.49 | K48: 97701.61 | L48: 43342.58 | M48: 52461.69 | N48: 455240.58
A49: 47 | B49: Commack, NY | C49: Mid Atlantic | F49: 1112319.2 | G49: 1211668.4 | H49: 1585087 | I49: 297177.52 | J49: 249723.75 | K49: 220051.82 | L49: 106148.85 | M49: 94527.07 | N49: 967629.01
A50: 48 | B50: Westbury, NY | C50: Mid Atlantic | F50: 583316.13 | G50: 1229568.4 | H50: 1622910.2 | I50: 226963.9 | J50: 185414.81 | K50: 192683.35 | L50: 120947.36 | M50: 94980.79 | N50: 820990.21
A51: 49 | B51: Kenosha, WI | C51: Midwest | D51: 7 | E51: 6 | F51: 655890.42 | G51: 631788.65 | H51: 678637.97 | I51: 156761.77 | J51: 106633.7 | K51: 107123.41 | L51: 61195.36 | M51: 17967.47 | N51: 449681.71
A52: 53 | B52: Chester Springs, PA | C52: Mid Atlantic | F52: 675406.52 | G52: 591771.92 | H52: 684815.87 | I52: 113900.75 | J52: 103271 | K52: 75053.75 | L52: 34359.5 | M52: 29889 | N52: 356474
A53: 54 | B53: Geneva, IL | C53: Midwest | D53: 8 | E53: 6 | F53: 670122.9 | G53: 543424.58 | H53: 576273.13 | I53: 112697.11 | J53: 92387.33 | K53: 76761.42 | L53: 36533.35 | M53: 8461.71 | N53: 326840.92
A54: 55 | B54: Scarsdale, NY | C54: Mid Atlantic | F54: 10307.73 | G54: 506109.81 | H54: 876888.68 | I54: 155493.23 | J54: 143856.97 | K54: 117671.31 | L54: 49155.14 | M54: 55576.59 | N54: 521753.24
A55: 56 | B55: Minot, ND | C55: Midwest | D55: 6 | E55: 6 | F55: 626134.86 | G55: 585371.08 | H55: 628462.55 | I55: 104424.19 | J55: 90316.08 | K55: 109172.57 | L55: 70315.48 | M55: 16050.57 | N55: 390278.89
A56: 57 | B56: Parkville, MO | C56: Midwest | D56: 7 | E56: 6 | F56: 660576.39 | G56: 723924.3 | H56: 826248.9 | I56: 151837.62 | J56: 109396.86 | K56: 69923.75 | L56: 54654.86 | M56: 31600.13 | N56: 417413.22
A57: 58 | B57: Tualatin, OR | C57: Pacific Northwest | D57: 8 | E57: 6 | F57: 862341.06 | G57: 754247.89 | H57: 399430.4
A58: 59 | B58: Shorewood, IL | C58: Midwest | D58: 8 | E58: 7 | G58: 142046.83 | H58: 761496.74 | I58: 139620.4 | J58: 91660.21 | K58: 79589.56 | L58: 48293.15 | M58: 21196.15 | N58: 380359.47
A59: 60 | B59: Broadview Heights, OH | C59: Midwest | D59: 7 | E59: 6 | F59: 829713.56 | G59: 813367.7 | H59: 939577.2 | I59: 190896.26 | J59: 139116.48 | K59: 119105.98 | L59: 62273.36 | M59: 49107.18 | N59: 560499.26
A60: 61 | B60: Wrigleyville, IL | C60: Midwest | D60: 8 | E60: VAR | F60: 991562.16 | G60: 883042.61 | H60: 759763.45 | I60: 109025.93 | J60: 88617.51 | K60: 69120.4 | L60: 55246.19 | M60: 41596.98 | N60: 363607.01
A61: 62 | B61: Avon, OH | C61: Midwest | D61: 9 | E61: 6 | F61: 755339.45 | G61: 638401.35 | H61: 687417.3 | I61: 125993.31 | J61: 107278.73 | K61: 89378.24 | L61: 36718.09 | M61: 14466.57 | N61: 373834.94
A62: 63 | B62: Appleton, WI | C62: Midwest | D62: 8 | E62: 6 | F62: 1020941.3 | G62: 978952.65 | H62: 1106832.8 | I62: 183807.17 | J62: 151635.19 | K62: 167943.4 | L62: 141242.38 | M62: 58094.66 | N62: 702722.8
A63: 64 | B63: Worcester, MA | C63: Northeast | D63: 9 | E63: 6 | F63: 1183688.8 | G63: 1160337.6 | H63: 1285394.8 | I63: 251119.81 | J63: 184929.18 | K63: 194625.97 | L63: 60670.81 | M63: 48178.49 | N63: 739524.26
A64: 65 | B64: Ellisville, MO | C64: Midwest | D64: 8 | E64: 6 | F64: 650065.42 | G64: 517754.89 | H64: 637477.63 | I64: 115092.49 | J64: 79579.08 | K64: 38821.06 | L64: 26161.41 | M64: 20617.22 | N64: 280271.26
A65: 66 | B65: Brooklyn, NY | C65: Northeast | D65: 8 | E65: 7 | G65: 461908.04 | H65: 1983926 | I65: 226378.4 | J65: 190744.15 | K65: 199062.08 | L65: 222357.44 | M65: 236408.69 | N65: 1074950.8
A66: 67 | B66: Naperville, IL | C66: Midwest | D66: 8 | E66: 6 | F66: 685591.17 | G66: 571722.49 | H66: 816811.72 | I66: 131926.05 | J66: 107075.95 | K66: 91948.82 | L66: 65258.78 | M66: 31797.6 | N66: 428007.2
A67: 68 | B67: Portland, ME | C67: Northeast | D67: 6 | E67: 7 | F67: 771373.11 | G67: 735311.7 | H67: 745586.28 | I67: 102262.84 | J67: 94672.16 | K67: 93995.24 | L67: 48622.59 | M67: 30047.71 | N67: 369600.54
A68: 69 | B68: Rapid City, SD | C68: Midwest | D68: 7 | E68: 6 | F68: 600735.56 | G68: 554855.25 | H68: 598832.53 | I68: 87121.45 | J68: 71144.6 | K68: 59808.26 | L68: 54641.06 | M68: 30864.3 | N68: 303579.67
A69: 70 | B69: Algonquin, IL | C69: Midwest | D69: 8 | E69: 6 | F69: 659787.03 | G69: 610075.14 | H69: 551594.1 | I69: 115433.33 | J69: 101611.98 | K69: 42120.41 | L69: 34365.91 | M69: 10414.22 | N69: 303945.85
A70: 71 | B70: Plainfield, IN | C70: Midwest | D70: 7 | E70: 6 | F70: 655215.41 | G70: 523263.41 | H70: 534168.29 | I70: 84343.42 | J70: 84144.09 | K70: 45387.69 | L70: 22996.22 | M70: 21817.6 | N70: 258689.02
A71: 72 | B71: Acton, MA | C71: Northeast | D71: 8 | E71: 6 | F71: 920994.26 | G71: 921447.16 | H71: 883843.69 | I71: 150834.99 | J71: 129730.45 | K71: 129871.3 | L71: 49602.29 | M71: 28881.2 | N71: 488920.23
A72: 73 | B72: Alpharetta, GA | C72: South | D72: 7 | E72: 7 | F72: 90526.85 | G72: 488287.68 | H72: 655825.57 | I72: 93549.98 | J72: 75372.19 | K72: 49444.79 | L72: 36087.56 | M72: 59553.55 | N72: 314008.07
A73: 74 | B73: Pasadena, MD | C73: Mid Atlantic | F73: 542515.15 | G73: 498192.48 | H73: 603480.39 | I73: 119058.92 | J73: 132860.72 | K73: 61054.99 | L73: 31044.1 | M73: 39728.25 | N73: 383746.98
A74: 76 | B74: Omaha, NE | C74: Midwest | D74: 7 | E74: 6 | F74: 838102.88 | G74: 766440.23 | H74: 704970.7 | I74: 117434.5 | J74: 82945 | K74: 61477.54 | L74: 46122.12 | M74: 22446.91 | N74: 330426.07
A75: 78 | B75: South Loop, IL | C75: Midwest | D75: 7 | E75: 6 | H75: 108410.32 | I75: 76720.99 | J75: 72139.87 | K75: 62613.79 | L75: 44176.42 | M75: 15892.19 | N75: 271543.26
A76: 79 | B76: Ashburn, VA | C76: South | D76: 7 | E76: 7 | G76: 362132.5 | H76: 672566.3 | I76: 127286.25 | J76: 115466.4 | K76: 59624.8 | L76: 41652.67 | M76: 59031.67 | N76: 403061.79
A77: 80 | B77: Des Moines, IA | C77: Midwest | D77: 7 | E77: 7 | F77: 560396.41 | G77: 669585.38 | H77: 567030.39 | I77: 107443.21 | J77: 82930.1 | K77: 57479.95 | L77: 43200.24 | M77: 10406.54 | N77: 301460.04
A78: 81 | B78: Kennewick, WA | C78: Pacific Northwest | D78: 7 | E78: 0 | F78: 463203.56 | G78: 226700.23 | H78: 319693.6 | I78: 114612.58 | J78: 75687.65 | K78: 68691.82 | L78: 44263.75 | M78: 45639.97 | N78: 348895.77
A79: 82 | B79: Spokane Valley, WA | C79: Pacific Northwest | D79: 7 | E79: 0 | F79: 700005.57 | G79: 277659.12 | H79: 330069.42 | I79: 115069.1 | J79: 88631.64 | K79: 79269.58 | L79: 39950.81 | M79: 34740.77 | N79: 357661.9
A80: 83 | B80: Medina, MN | C80: Midwest | D80: 6 | E80: 4.5 | F80: 668856.65 | G80: 555744.3 | H80: 558758.45 | I80: 92038.95 | J80: 79355.62 | K80: 74471.49 | L80: 58655.99 | M80: 16930.72 | N80: 321452.77
A81: 84 | B81: Nashville, TN | C81: South | D81: 6 | E81: 7 | F81: 297034.54 | G81: 615739.3 | H81: 628540 | I81: 70389.65 | J81: 60082.37 | K81: 38516.96 | L81: 33826.6 | M81: 44936.73 | N81: 247752.31
A82: 85 | B82: Vancouver, WA | C82: Pacific Northwest | D82: 8 | E82: 6 | F82: 712920.12 | G82: 643461.71 | H82: 342779.53
A83: 86 | B83: El Dorado Hills, CA | C83: West | D83: 7 | E83: 7 | F83: 339129.87 | G83: 974080.18 | H83: 1014901.3 | I83: 100001.71 | J83: 94891.17 | K83: 63754.22 | L83: 75639.47 | M83: 58172.72 | N83: 392459.29
A84: 87 | B84: Riverton, UT | C84: Rocky Mountains | D84: 8 | E84: 7 | F84: 826393.16 | G84: 721673.66 | H84: 683904.99 | I84: 120688.62 | J84: 64936.79 | K84: 46828.87 | L84: 39018.34 | M84: 22245.44 | N84: 293718.06
A85: 88 | B85: Bloomington, IL | C85: Midwest | D85: 7 | E85: 7 | F85: 798728.08 | G85: 802617.9 | H85: 797505.1 | I85: 138170.54 | J85: 94687.81 | K85: 83539.61 | L85: 48933.81 | M85: 35438.77 | N85: 400770.54
A86: 89 | B86: Walpole, MA | C86: Northeast | D86: 9 | E86: 6 | F86: 1329407.5 | G86: 1097046 | H86: 1155576.3 | I86: 206150.39 | J86: 170144.3 | K86: 167027.86 | L86: 55021.58 | M86: 42320.27 | N86: 640664.4
A87: 90 | B87: Rockwall, TX | C87: South | D87: 6 | E87: 7 | F87: 891204.1 | G87: 848380.28 | H87: 928176.72 | I87: 115460.5 | J87: 64279.68 | K87: 71194.41 | L87: 90836.53 | M87: 83793.97 | N87: 425565.09
A88: 92 | B88: North Canton, OH | C88: Midwest | D88: 8 | E88: 7 | F88: 365574.57 | G88: 618458.28 | H88: 733007.05 | I88: 129365.05 | J88: 111704.88 | K88: 102566.55 | L88: 49830.33 | M88: 39357.79 | N88: 432824.6
A89: 93 | B89: Perrysburg, OH | C89: Midwest | D89: 8 | E89: 6 | F89: 205521.08 | G89: 549066.21 | H89: 760816.44 | I89: 167494.28 | J89: 128729.33 | K89: 95526.8 | L89: 61285.88 | M89: 30918.78 | N89: 483955.07
A90: 94 | B90: Cary, NC | C90: South | D90: 7 | E90: 7 | G90: 425119.82 | H90: 627163.68 | I90: 79256.91 | J90: 75437.52 | K90: 55059.92 | L90: 40429.63 | M90: 44894.43 | N90: 295078.41
A91: 95 | B91: Boise, ID | C91: Pacific Northwest | D91: 7 | E91: 7 | F91: 450339.28 | G91: 779542.87 | H91: 765662.53 | I91: 149793.67 | J91: 101385.03 | K91: 59804.8 | L91: 53097.99 | M91: 16970.49 | N91: 381051.98
A92: 96 | B92: Methuen, MA | C92: Northeast | D92: 8 | E92: 7 | F92: 138786.61 | G92: 967425.07 | H92: 1121048.6 | I92: 194524.5 | J92: 191604.1 | K92: 183536.32 | L92: 72337.87 | M92: 38910.3 | N92: 680913.09
A93: 97 | B93: Solon, OH | C93: Midwest | D93: 8 | E93: 7 | F93: 302362.45 | G93: 605258.16 | H93: 759825.66 | I93: 114318.43 | J93: 96131.92 | K93: 66603.36 | L93: 37017.37 | M93: 24352.22 | N93: 338423.3
A94: 98 | B94: Beaverton, OR | C94: Pacific Northwest | D94: 8 | E94: 6 | G94: 150940.58 | H94: 215414.91
A95: 99 | B95: St. Clair Shores, MI | C95: Midwest | D95: 8 | E95: 6 | F95: 967894.01 | G95: 851311.32 | H95: 966559.28 | I95: 141644.09 | J95: 167619.32 | K95: 125058.16 | L95: 74584.09 | M95: 20773.15 | N95: 529678.81
A96: 100 | B96: Bismarck, ND | C96: Midwest | D96: 8 | E96: 6 | F96: 253878.75 | G96: 712571.76 | H96: 708439.21 | I96: 126080.09 | J96: 88568.7 | K96: 104518.25 | L96: 50064.27 | M96: 27861.7 | N96: 397093.01
A97: 103 | B97: Mason, OH | C97: Midwest | D97: 8 | E97: 7 | H97: 68019.54 | I97: 41629.69 | J97: 42726.71 | K97: 27086.08 | L97: 15956.14 | M97: 9221.9 | N97: 136620.52
A98: 105 | B98: Rockford, IL | C98: Midwest | D98: 12 | E98: 6 | H98: 398186.69 | I98: 77323.14 | J98: 71064.4 | K98: 21016.02 | L98: 20084.87 | M98: 7580.93 | N98: 197069.36
A99: 106 | B99: Eden Prairie, MN | C99: Midwest | D99: 7 | E99: 4.5 | F99: 26682.73 | G99: 408185.95 | H99: 491474.65 | I99: 91371.5 | J99: 80175.02 | K99: 74521.41 | L99: 37473.23 | M99: 11285.31 | N99: 294826.47
A100: 108 | B100: Apple Valley, MN | C100: Midwest | D100: 9 | E100: 4.5 | F100: 341852.67 | G100: 719982.94 | H100: 810905.65 | I100: 127861.09 | J100: 111348.42 | K100: 98121.1 | L100: 55189.52 | M100: 19088.62 | N100: 411608.75
A101: 109 | B101: Colorado Springs, CO | C101: Rocky Mountains | D101: 7 | E101: 6 | F101: 251258.51 | G101: 812773.05 | H101: 952389.79 | I101: 128478.86 | J101: 80847.78 | K101: 74132.3 | L101: 55281.32 | M101: 59629.1 | N101: 398369.36
A102: 110 | B102: Chesapeake, VA | C102: South | D102: 7 | E102: 7 | H102: 446299.16 | I102: 85157.28 | J102: 102879.18 | K102: 55667.13 | L102: 44876.09 | M102: 52865.97 | N102: 341445.65
A103: 111 | B103: Murfreesboro, TN | C103: South | D103: 6 | E103: 7 | G103: 241186.35 | H103: 549615.82 | I103: 75431.63 | J103: 54586.54 | K103: 34462.61 | L103: 28329.51 | M103: 47022.09 | N103: 239832.38
A104: 113 | B104: Bel Air, MD | C104: Northeast | D104: 6 | E104: 7 | F104: 107259.48 | G104: 720607.74 | H104: 866563.27 | I104: 132270.6 | J104: 129320.74 | K104: 103841.92 | L104: 44910.29 | M104: 56298.78 | N104: 466642.33
A105: 114 | B105: Toledo, OH | C105: Midwest | D105: 7 | E105: 6 | F105: 10636 | G105: 266958.83 | H105: 523820.9 | I105: 118304.45 | J105: 105822.03 | K105: 74603.3 | L105: 40939.37 | M105: 21492.97 | N105: 361162.12
A106: 116 | B106: Fairlawn, OH | C106: Midwest | D106: 8 | E106: 6 | G106: 276203 | H106: 715324.91 | I106: 187923.04 | J106: 127544 | K106: 98731.32 | L106: 46029.98 | M106: 28484.97 | N106: 488713.31
A107: 117 | B107: Sauk Valley, IL | C107: Midwest | D107: 5 | E107: 7 | F107: 394459.73 | G107: 387165.94 | H107: 398197.55 | I107: 81480.02 | J107: 61414.84 | K107: 52990.15 | L107: 25569.91 | M107: 8114.5 | N107: 229569.42
...

Sheet Category Sales_raw
A1: Category Sales by Location for Month
A2: *This document is strictly confidential and may not be shared or redistributed in any form without written consent from the corporate office.
A4: Years | B4: 2026
A5: Sales_Date | B5: May
E7: Categories
A8: Location ID | B8: City_State | C8: Region | D8: # of Sims | E8: Golf | F8: League | G8: Lessons | H8: Beverage | I8: Food | J8: Merchandise | K8: Service Charge | L8: Total Sales
A9: 2 | B9: Novi, MI | C9: Midwest | D9: 5 | E9: 15094.85 | F9: 1080 | G9: 0 | H9: 3470.48 | I9: 994.72 | J9: 191 | K9: 0 | L9: 20831.05
A10: 4 | B10: Huntsville, AL | C10: South | D10: 5 | E10: 18847.77 | F10: 1735 | G10: 0 | H10: 5752.8 | I10: 1710.44 | J10: 0 | K10: 0 | L10: 28046.01
A11: 6 | B11: Grand Rapids, MI | C11: Midwest | D11: 6 | E11: 7851.65 | F11: 45 | G11: 1240 | H11: 2265 | I11: 512.02 | J11: 4.99 | K11: 0 | L11: 11918.66
A12: 7 | B12: Ann Arbor, MI | C12: Midwest | D12: 6 | E12: 12919.96 | F12: 0 | G12: 0 | H12: 2943.5 | I12: 905 | J12: 1130.51 | K12: 0 | L12: 17898.97
A13: 8 | B13: Shelby Twp, MI | C13: Midwest | D13: 6 | E13: 12339.97 | F13: 1490 | G13: 577.5 | H13: 8447.12 | I13: 1253.96 | J13: 46.97 | K13: 0 | L13: 24155.52
A14: 9 | B14: Grand Junction, CO | C14: Rocky Mountains | D14: 5 | E14: 19783.29 | F14: 4600 | G14: 0 | H14: 8438.21 | I14: 1327.1 | J14: 27.3 | K14: 0 | L14: 34175.9
A15: 10 | B15: Holland, MI | C15: Midwest | D15: 6 | E15: 8838.99 | F15: 0 | G15: 475 | H15: 2860.25 | I15: 843 | J15: 24.99 | K15: 0 | L15: 13042.23
A16: 11 | B16: Kalamazoo, MI | C16: Midwest | D16: 6 | E16: 7180.08 | F16: 560 | G16: 1230 | H16: 4168.68 | I16: 728 | J16: 472.92 | K16: 0 | L16: 14339.68
A17: 12 | B17: Rochester Hills, MI | C17: Midwest | D17: 6 | E17: 7689.45 | F17: 180 | G17: 0 | H17: 1740.06 | I17: 379.62 | J17: 26.5 | K17: 0 | L17: 10015.63
A18: 13 | B18: Lansing, MI | C18: Midwest | D18: 6 | E18: 17547.96 | F18: 0 | G18: 125 | H18: 4654.8 | I18: 1410.8 | J18: 0 | K18: 0 | L18: 23738.56
A19: 14 | B19: Woodbury, MN | C19: Midwest | D19: 6 | E19: 2660.01 | F19: 125 | G19: 447.5 | H19: 3333.5 | I19: 702 | J19: 0 | K19: 0 | L19: 7268.01
A20: 15 | B20: Fort Collins, CO | C20: Rocky Mountains | D20: 7 | E20: 34440.5 | F20: 7600 | G20: 1290 | H20: 14237.65 | I20: 2033.2 | J20: 1759.6 | K20: 0 | L20: 61360.95
... A143: 902 | B143: Washington, DC | C143: Mid Atlantic | D143: 8 | E143: 16724.8 | F143: 1786 | G143: 0 | H143: 5775.95 | I143: 1390.13 | J143: 0 | K143: 0 | L143: 25676.88
A144: Grand Total | E144: 3126634.6 | F144: 150710.6 | G144: 84700.19 | H144: 1214166.1 | I144: 413612.85 | J144: 53868.49 | K144: 22743.42 | L144: 5066436.2

Sheet Lesson Sales by Month_raw
A1: Lesson Sales by Location for Month
A2: *This document is strictly confidential and may not be shared or redistributed in any form without written consent from the corporate office.
A4: Lessons | D4: Years | E4: Sales_Date
D5: 2023 | E5: 2024 | F5: 2025 | G5: 2026 | L5: 2026 Total
A6: Location ID | B6: City_State | C6: Region | G6: Jan | H6: Feb | I6: Mar | J6: Apr | K6: May
A7: 2 | B7: Novi, MI | C7: Midwest | D7: -468.5 | E7: 0 | F7: 0 | G7: 0 | H7: 0 | I7: 0 | J7: 0 | K7: 0 | L7: 0
A8: 4 | B8: Huntsville, AL | C8: South | D8: 18310.82 | E8: 7940 | F8: 1919.64 | G8: 0 | H8: 0 | I8: 0 | J8: 0 | K8: 0 | L8: 0
A9: 6 | B9: Grand Rapids, MI | C9: Midwest | D9: 26212.8 | E9: 18619.06 | F9: 10565.5 | G9: 1414 | H9: 170 | I9: 530 | J9: 455 | K9: 1240 | L9: 3809
A10: 7 | B10: Ann Arbor, MI | C10: Midwest | D10: 0 | E10: 0 | F10: 250 | G10: 0 | H10: 0 | I10: 0 | J10: 0 | K10: 0 | L10: 0
A11: 8 | B11: Shelby Twp, MI | C11: Midwest | D11: 5457 | E11: 925 | F11: 6365 | G11: 435 | H11: 1030 | I11: 555 | J11: 1290 | K11: 577.5 | L11: 3887.5
A12: 9 | B12: Grand Junction, CO | C12: Rocky Mountains | D12: 0 | E12: 0 | F12: 0 | G12: 0 | H12: 0 | I12: 0 | J12: 0 | K12: 0 | L12: 0
A13: 10 | B13: Holland, MI | C13: Midwest | D13: 8317.09 | E13: 6978 | F13: 13778.24 | G13: 285 | H13: 260 | I13: 1760 | J13: 1220 | K13: 475 | L13: 4000
A14: 11 | B14: Kalamazoo, MI | C14: Midwest | D14: 17210 | E14: 19414.99 | F14: 20064.06 | G14: 3314 | H14: 2300 | I14: 3530 | J14: 1875 | K14: 1230 | L14: 12249
A15: 12 | B15: Rochester Hills, MI | C15: Midwest | D15: 7721.21 | E15: 3330 | F15: 645 | G15: 0 | H15: 0 | I15: 0 | J15: 0 | K15: 0 | L15: 0
A16: 13 | B16: Lansing, MI | C16: Midwest | D16: 12370 | E16: 12835 | F16: 23235 | G16: 2515 | H16: 650 | I16: 3395 | J16: 1100 | K16: 125 | L16: 7785
A17: 14 | B17: Woodbury, MN | C17: Midwest | D17: 4190 | E17: 2570 | F17: 12033.65 | G17: 3787.08 | H17: 1711.25 | I17: 671.25 | J17: 1266.25 | K17: 447.5 | L17: 7883.33
A18: 15 | B18: Fort Collins, CO | C18: Rocky Mountains | D18: 59508.43 | E18: 37936.95 | F18: 20485 | G18: 2515 | H18: 2284 | I18: 1050 | J18: 775 | K18: 1290 | L18: 7914
... A25: 22 | B25: Champlin, MN | C25: Midwest | D25: 6580 | E25: 9585 | F25: 6666 | G25: 893 | H25: 1173 | I25: 537.5 | J25: 447.5 | K25: 268.75 | L25: 3319.75
A26: 23 | B26: Wexford, PA | C26: Mid Atlantic | D26: 18525 | E26: 18095 | F26: 9415
A27: 24 | B27: Garnet Valley, PA | C27: Mid Atlantic | D27: 18521.88 | E27: 23450 | F27: 14060 | G27: 1082 | H27: 2800 | I27: 4514 | J27: 3660 | K27: 670 | L27: 12726
A28: 25 | B28: Richmond, VA | C28: South | D28: 6051.53 | E28: 821.71 | F28: 328 | G28: 0 | H28: 48 | I28: 0 | J28: 0 | K28: 0 | L28: 48
A29: 26 | B29: Glenview, IL | C29: Midwest | D29: 1890 | E29: 3410 | F29: 3495 | G29: 0 | H29: 0 | I29: 0 | J29: 0 | K29: 0 | L29: 0
A30: 27 | B30: Royal Oak, MI | C30: Midwest | D30: 3015 | E30: 4134 | F30: 4835 | G30: 0 | H30: 165 | I30: 145 | J30: 325 | K30: 325 | L30: 960
A31: 28 | B31: Madison, WI | C31: Midwest | D31: 6719.11 | E31: 2336.43 | F31: 1788 | G31: 0 | H31: 0 | I31: 0 | J31: 0 | K31: 0 | L31: 0
A32: 29 | B32: Middleton, WI | C32: Midwest | D32: 6606.68 | E32: 2380 | F32: 1140 | G32: 0 | H32: 0 | I32: 0 | J32: 0 | K32: 0 | L32: 0
A33: 30 | B33: Mequon, WI | C33: Midwest | D33: 8735 | E33: 10715.87 | F33: 13260.56 | G33: 1880 | H33: 1975 | I33: 893 | J33: 1062 | K33: 2179 | L33: 7989
A34: 31 | B34: Greenwood Village, CO | C34: Rocky Mountains | D34: 22381 | E34: 24412.2 | F34: 1850 | G34: 0 | H34: 0 | I34: 0 | J34: 0 | K34: 0 | L34: 0
A35: 32 | B35: Canton, MI | C35: Midwest | D35: 6550 | E35: 3630 | F35: 95 | G35: 0 | H35: 0 | I35: 0 | J35: 0 | K35: 0 | L35: 0
A36: 33 | B36: Lincoln, RI | C36: Northeast | D36: 0 | E36: 0 | F36: 2430 | G36: 360 | H36: 180 | I36: 270 | J36: 180 | K36: 0 | L36: 990
A37: 34 | B37: Woodhaven, MI | C37: Midwest | D37: 22530 | E37: 31275 | F37: 8790 | G37: 0 | H37: 0 | I37: 0 | J37: 0 | K37: 0 | L37: 0
A38: 35 | B38: Schaumburg, IL | C38: Midwest | D38: 14600 | E38: 50 | F38: 0 | G38: 0 | H38: 0 | I38: 0 | J38: 0 | K38: 0 | L38: 0
... A41: 38 | B41: Downers Grove, IL | C41: Midwest | D41: 3773 | E41: 1930 | F41: 10300 | G41: 915 | H41: 1050 | I41: 945 | J41: 0 | K41: 0 | L41: 2910
A42: 39 | B42: Hilton Head, SC | C42: South | D42: 1150 | E42: 0
A43: 40 | B43: Burlington, MA | C43: Northeast | D43: 9010 | E43: 13265 | F43: 5415 | G43: 165 | H43: 125 | I43: 500 | J43: 125 | K43: 0 | L43: 915
A44: 41 | B44: South Charlotte, SC | C44: South | D44: 8837.41 | E44: 12553.7 | F44: 17405.76 | G44: 1729.98 | H44: 1724.98 | I44: 795 | J44: 1439.99 | K44: 1625 | L44: 7314.95
A45: 42 | B45: Orland Park, IL | C45: Midwest | D45: 8514.82 | E45: 0 | F45: 0 | G45: 0 | H45: 0 | I45: 0 | J45: 0 | K45: 0 | L45: 0
A46: 43 | B46: Kildeer, IL | C46: Midwest | D46: 3721 | E46: 24692 | F46: 6531 | G46: 0 | H46: 0 | I46: 0 | J46: 0 | K46: 0 | L46: 0
A47: 44 | B47: Columbus, OH | C47: Midwest | D47: 4120 | E47: 15150 | F47: 9375 | G47: 0 | H47: 0 | I47: 0 | J47: 0 | K47: 0 | L47: 0
A48: 45 | B48: Powell, OH | C48: Midwest | E48: 3650 | F48: 3050 | G48: 0 | H48: 0 | I48: 0 | J48: 0 | K48: 0 | L48: 0
A49: 47 | B49: Commack, NY | C49: Mid Atlantic | D49: 21737.03 | E49: 102857 | F49: 118353.07 | G49: 10984.5 | H49: 11769.22 | I49: 11316.14 | J49: 7872.96 | K49: 9596.49 | L49: 51539.31
A50: 48 | B50: Westbury, NY | C50: Mid Atlantic | D50: 7950 | E50: 21347.14 | F50: 31377.1 | G50: 4130 | H50: 2718 | I50: 4259.65 | J50: 3227 | K50: 1555.75 | L50: 15890.4
A51: 49 | B51: Kenosha, WI | C51: Midwest | D51: 13350.04 | E51: 24566.46 | F51: 32936.07 | G51: 1426 | H51: 1799 | I51: 3284 | J51: 3692 | K51: 2853 | L51: 13054
A52: 53 | B52: Chester Springs, PA | C52: Mid Atlantic | D52: 18514.08 | E52: 21836 | F52: 9728.33 | G52: 360 | H52: 235 | I52: 855 | J52: 570 | K52: 0 | L52: 2020
A53: 54 | B53: Geneva, IL | C53: Midwest | D53: 10345 | E53: 4110 | F53: 1320 | G53: 0 | H53: 80 | I53: 0 | J53: -150 | K53: 0 | L53: -70
A54: 55 | B54: Scarsdale, NY | C54: Mid Atlantic | D54: 0 | E54: 2347.5 | F54: 9610 | G54: 0 | H54: 0 | I54: 0 | J54: 0 | K54: 0 | L54: 0
A55: 56 | B55: Minot, ND | C55: Midwest | D55: 3500 | E55: 300 | F55: 0 | G55: 0 | H55: 0 | I55: 0 | J55: 0 | K55: 0 | L55: 0
A56: 57 | B56: Parkville, MO | C56: Midwest | D56: 0 | E56: 0 | F56: 0 | G56: 0 | H56: 0 | I56: 0 | J56: 0 | K56: 0 | L56: 0
A57: 58 | B57: Tualatin, OR | C57: Pacific Northwest | D57: 124389.55 | E57: 118774.5 | F57: 79107.85
A58: 59 | B58: Shorewood, IL | C58: Midwest | E58: 1167 | F58: 6814 | G58: 635 | H58: 385 | I58: 245 | J58: 255 | K58: 570 | L58: 2090
A59: 60 | B59: Broadview Heights, OH | C59: Midwest | D59: 8508.53 | E59: 13500 | F59: 12750 | G59: 2070 | H59: 2010 | I59: 0 | J59: 2170 | K59: 800 | L59: 7050
A60: 61 | B60: Wrigleyville, IL | C60: Midwest | D60: 880 | E60: 3900 | F60: 1385 | G60: 510 | H60: 1300 | I60: 240 | J60: 0 | K60: 0 | L60: 2050
A61: 62 | B61: Avon, OH | C61: Midwest | D61: 32359.12 | E61: 5562.5 | F61: 8750 | G61: 1005 | H61: 1800 | I61: 500 | J61: 2100 | K61: 100 | L61: 5505
A62: 63 | B62: Appleton, WI | C62: Midwest | D62: 15767.46 | E62: 14037.81 | F62: 12993.79 | G62: 1677.18 | H62: 1776.09 | I62: 1326.09 | J62: 3305.45 | K62: 425 | L62: 8509.81
A63: 64 | B63: Worcester, MA | C63: Northeast | D63: 16908.45 | E63: 23872.65 | F63: 18397.15 | G63: 1660 | H63: 2009 | I63: 2470 | J63: 1190 | K63: 450 | L63: 7779
A64: 65 | B64: Ellisville, MO | C64: Midwest | D64: 0 | E64: 250 | F64: 380 | G64: 0 | H64: 40 | I64: 20 | J64: 0 | K64: 0 | L64: 60
A65: 66 | B65: Brooklyn, NY | C65: Northeast | E65: 1250 | F65: 8547.5 | G65: 590 | H65: 415 | I65: 1515 | J65: 780 | K65: 270 | L65: 3570
A66: 67 | B66: Naperville, IL | C66: Midwest | D66: 9756.1 | E66: 6206.22 | F66: 7205 | G66: 1190 | H66: 825 | I66: 1305 | J66: 0 | K66: 0 | L66: 3320
A67: 68 | B67: Portland, ME | C67: Northeast | D67: 18992 | E67: 10705 | F67: 2192 | G67: 0 | H67: 150 | I67: 0 | J67: 150 | K67: 0 | L67: 300
A68: 69 | B68: Rapid City, SD | C68: Midwest | D68: 80 | E68: 1032 | F68: 309.99 | G68: 0 | H68: 0 | I68: 0 | J68: 0 | K68: 0 | L68: 0
A69: 70 | B69: Algonquin, IL | C69: Midwest | D69: 4650 | E69: 6486 | F69: 5880 | G69: 65 | H69: 195 | I69: 915 | J69: 65 | K69: 0 | L69: 1240
A70: 71 | B70: Plainfield, IN | C70: Midwest | D70: 5821.63 | E70: 2861 | F70: 2920 | G70: 500 | H70: 660 | I70: 460 | J70: 245 | K70: 0 | L70: 1865
A71: 72 | B71: Acton, MA | C71: Northeast | D71: 24996 | E71: 26353.2 | F71: 21892.5 | G71: 8488 | H71: 2924 | I71: 3573.5 | J71: 608 | K71: 891 | L71: 16484.5
A72: 73 | B72: Alpharetta, GA | C72: South | D72: 0 | E72: 1555 | F72: 12005 | G72: 200 | H72: 275 | I72: 75 | J72: 125 | K72: 25 | L72: 700
A73: 74 | B73: Pasadena, MD | C73: Mid Atlantic | D73: 270 | E73: 3425 | F73: 3780 | G73: 250 | H73: 0 | I73: 680 | J73: 140 | K73: 680 | L73: 1750
A74: 76 | B74: Omaha, NE | C74: Midwest | D74: 7392.85 | E74: 0 | F74: 0 | G74: 0 | H74: 0 | I74: 0 | J74: 0 | K74: 0 | L74: 0
A75: 78 | B75: South Loop, IL | C75: Midwest | F75: 6140 | G75: 1025 | H75: 625 | I75: 2275 | J75: 420 | K75: 0 | L75: 4345
A76: 79 | B76: Ashburn, VA | C76: South | E76: 8928 | F76: 3274.5 | G76: 1837.5 | H76: 3141 | I76: 2233.5 | J76: 3638.5 | K76: 2722 | L76: 13572.5
A77: 80 | B77: Des Moines, IA | C77: Midwest | D77: 318 | E77: 1130 | F77: 660 | G77: 0 | H77: 0 | I77: 0 | J77: 0 | K77: 0 | L77: 0
A78: 81 | B78: Kennewick, WA | C78: Pacific Northwest | D78: 0 | E78: 0 | F78: 0 | G78: 0 | H78: 0 | I78: 0 | J78: 0 | K78: 0 | L78: 0
A79: 82 | B79: Spokane Valley, WA | C79: Pacific Northwest | D79: 727.5 | E79: 0 | F79: 0 | G79: 0 | H79: 0 | I79: 0 | J79: 0 | K79: 0 | L79: 0
A80: 83 | B80: Medina, MN | C80: Midwest | D80: 11851 | E80: 11122 | F80: 15265.25 | G80: 3108.75 | H80: 895 | I80: 4098.75 | J80: 1318.75 | K80: 3108.75 | L80: 12530
A81: 84 | B81: Nashville, TN | C81: South | D81: 0 | E81: 3040 | F81: 3000 | G81: 0 | H81: 0 | I81: 0 | J81: 0 | K81: 0 | L81: 0
A82: 85 | B82: Vancouver, WA | C82: Pacific Northwest | D82: 10875 | E82: 45673.22 | F82: 20786
A83: 86 | B83: El Dorado Hills, CA | C83: West | D83: 6060 | E83: 7830.95 | F83: 12587.2 | G83: 1350 | H83: 1320 | I83: 300 | J83: 0 | K83: 0 | L83: 2970
A84: 87 | B84: Riverton, UT | C84: Rocky Mountains | D84: 14395 | E84: 17848.63 | F84: 19240 | G84: 2605 | H84: 390 | I84: 1415 | J84: 1500 | K84: 250 | L84: 6160
A85: 88 | B85: Bloomington, IL | C85: Midwest | D85: 35350 | E85: 46440 | F85: 43569.5 | G85: 6825 | H85: 1710 | I85: 5225 | J85: 4115 | K85: 6075 | L85: 23950
A86: 89 | B86: Walpole, MA | C86: Northeast | D86: 4510 | E86: 660 | F86: 220 | G86: 110 | H86: 430 | I86: 0 | J86: 0 | K86: 0 | L86: 540
A87: 90 | B87: Rockwall, TX | C87: South | D87: 0 | E87: 493.5 | F87: 4543.79 | G87: 742.5 | H87: 582.48 | I87: 659.99 | J87: 597.5 | K87: 855.01 | L87: 3437.48
A88: 92 | B88: North Canton, OH | C88: Midwest | D88: 0 | E88: 0 | F88: 0 | G88: 0 | H88: 0 | I88: 0 | J88: 0 | K88: 0 | L88: 0
A89: 93 | B89: Perrysburg, OH | C89: Midwest | D89: 700 | E89: 4368 | F89: 4980 | G89: 1190 | H89: 1695 | I89: 2015 | J89: 55 | K89: 490 | L89: 5445
A90: 94 | B90: Cary, NC | C90: South | E90: 12149.73 | F90: 20886.47 | G90: 3930 | H90: 4173 | I90: 3345 | J90: 1140 | K90: 1380 | L90: 13968
A91: 95 | B91: Boise, ID | C91: Pacific Northwest | D91: 9084 | E91: 10289.4 | F91: 10439 | G91: 198 | H91: 297 | I91: 457 | J91: 0 | K91: 0 | L91: 952
A92: 96 | B92: Methuen, MA | C92: Northeast | D92: 1920 | E92: 5551 | F92: 8220 | G92: 0 | H92: 0 | I92: 0 | J92: 0 | K92: 0 | L92: 0
A93: 97 | B93: Solon, OH | C93: Midwest | D93: 24429 | E93: 21693.46 | F93: 22512.5 | G93: 1056.5 | H93: 2548 | I93: 1405 | J93: 937.5 | K93: 1145 | L93: 7092
A94: 98 | B94: Beaverton, OR | C94: Pacific Northwest | E94: 0 | F94: 1790
A95: 99 | B95: St. Clair Shores, MI | C95: Midwest | D95: 13082 | E95: 15239.13 | F95: 6590.25 | G95: 225 | H95: 0 | I95: 165 | J95: 1610 | K95: 790 | L95: 2790
A96: 100 | B96: Bismarck, ND | C96: Midwest | D96: 0 | E96: 0 | F96: 0 | G96: 0 | H96: 0 | I96: 0 | J96: 0 | K96: 0 | L96: 0
A97: 103 | B97: Mason, OH | C97: Midwest | F97: 0 | G97: 0 | H97: 140 | I97: 924 | J97: 140 | K97: 140 | L97: 1344
A98: 105 | B98: Rockford, IL | C98: Midwest | F98: 0 | G98: 0 | H98: 0 | I98: 0 | J98: 0 | K98: 0 | L98: 0
A99: 106 | B99: Eden Prairie, MN | C99: Midwest | D99: 270 | E99: 7615 | F99: 12005.5 | G99: 223.75 | H99: 223.75 | I99: 0 | J99: 0 | K99: 100 | L99: 547.5
A100: 108 | B100: Apple Valley, MN | C100: Midwest | D100: 9540 | E100: 8672 | F100: 17252.5 | G100: 1118.75 | H100: 1218.75 | I100: 718.75 | J100: 1213.75 | K100: 223.75 | L100: 4493.75
A101: 109 | B101: Colorado Springs, CO | C101: Rocky Mountains | D101: 3083.19 | E101: 7566.85 | F101: 10623 | G101: 620 | H101: 580 | I101: 600 | J101: 1288 | K101: 740 | L101: 3828
A102: 110 | B102: Chesapeake, VA | C102: South | F102: 10610 | G102: 42.54 | H102: 0 | I102: 333.99 | J102: 97.5 | K102: 130 | L102: 604.03
A103: 111 | B103: Murfreesboro, TN | C103: South | E103: 0 | F103: 0 | G103: 0 | H103: 0 | I103: 0 | J103: 0 | K103: 0 | L103: 0
A104: 113 | B104: Bel Air, MD | C104: Northeast | D104: 1000 | E104: 44430.09 | F104: 24209.65 | G104: 678 | H104: 1182 | I104: 1856.98 | J104: 1297.2 | K104: 180 | L104: 5194.18
A105: 114 | B105: Toledo, OH | C105: Midwest | D105: 0 | E105: 45 | F105: 3245 | G105: 720 | H105: 840 | I105: 570 | J105: 180 | K105: 90 | L105: 2400
A106: 116 | B106: Fairlawn, OH | C106: Midwest | E106: 4290 | F106: 10720 | G106: 2100 | H106: 270 | I106: 0 | J106: 0 | K106: 270 | L106: 2640
A107: 117 | B107: Sauk Valley, IL | C107: Midwest | D107: 1988.07 | E107: 2894.5 | F107: 3150 | G107: 150 | H107: 515 | I107: 425 | J107: 527.06 | K107: 290 | L107: 1907.06
A108: 118 | B108: Cedar Rapids, IA | C108: Midwest | D108: 315 | E108: 4774.08 | F108: 3317 | G108: 0 | H108: 0 | I108: 0 | J108: 0 | K108: 0 | L108: 0
A109: 119 | B109: South County, MO | C109: Midwest | E109: 12160 | F109: 14247.5 | G109: 1745 | H109: 848.5 | I109: 1815 | J109: 790 | K109: 5500 | L109: 10698.5
...

Sheet Category Avg by # Sims_raw
A1: Category Avg by # Sims
A2: *This document is strictly confidential and may not be shared or redistributed in any form without written consent from the corporate office.
A4: Years | B4: 2026
A5: Sales_Date | B5: May
E7: Average Per Sim
A8: Location ID | B8: City_State | C8: Region | D8: # of Sims | E8: Golf | F8: League | G8: Lessons | H8: Beverage | I8: Food | J8: Merchandise | K8: Total Sales
A9: 2 | B9: Novi, MI | C9: Midwest | D9: 5 | E9: 3018.97 | F9: 216 | G9: 0 | H9: 694.096 | I9: 198.944 | J9: 38.2 | K9: 4166.21
A10: 4 | B10: Huntsville, AL | C10: South | D10: 5 | E10: 3769.554 | F10: 347 | G10: 0 | H10: 1150.56 | I10: 342.088 | J10: 0 | K10: 5609.202
A11: 6 | B11: Grand Rapids, MI | C11: Midwest | D11: 6 | E11: 1308.6083 | F11: 7.5 | G11: 206.66667 | H11: 377.5 | I11: 85.336667 | J11: 0.83166667 | K11: 1986.4433
A12: 7 | B12: Ann Arbor, MI | C12: Midwest | D12: 6 | E12: 2153.3267 | F12: 0 | G12: 0 | H12: 490.58333 | I12: 150.83333 | J12: 188.41833 | K12: 2983.1617
A13: 8 | B13: Shelby Twp, MI | C13: Midwest | D13: 6 | E13: 2056.6617 | F13: 248.33333 | G13: 96.25 | H13: 1407.8533 | I13: 208.99333 | J13: 7.8283333 | K13: 4025.92
A14: 9 | B14: Grand Junction, CO | C14: Rocky Mountains | D14: 5 | E14: 3956.658 | F14: 920 | G14: 0 | H14: 1687.642 | I14: 265.42 | J14: 5.46 | K14: 6835.18
A15: 10 | B15: Holland, MI | C15: Midwest | D15: 6 | E15: 1473.165 | F15: 0 | G15: 79.166667 | H15: 476.70833 | I15: 140.5 | J15: 4.165 | K15: 2173.705
A16: 11 | B16: Kalamazoo, MI | C16: Midwest | D16: 6 | E16: 1196.68 | F16: 93.333333 | G16: 205 | H16: 694.78 | I16: 121.33333 | J16: 78.82 | K16: 2389.9467
A17: 12 | B17: Rochester Hills, MI | C17: Midwest | D17: 6 | E17: 1281.575 | F17: 30 | G17: 0 | H17: 290.01 | I17: 63.27 | J17: 4.4166667 | K17: 1669.2717
A18: 13 | B18: Lansing, MI | C18: Midwest | D18: 6 | E18: 2924.66 | F18: 0 | G18: 20.833333 | H18: 775.8 | I18: 235.13333 | J18: 0 | K18: 3956.4267
A19: 14 | B19: Woodbury, MN | C19: Midwest | D19: 6 | E19: 443.335 | F19: 20.833333 | G19: 74.583333 | H19: 555.58333 | I19: 117 | J19: 0 | K19: 1211.335
A20: 15 | B20: Fort Collins, CO | C20: Rocky Mountains | D20: 7 | E20: 4920.0714 | F20: 1085.7143 | G20: 184.28571 | H20: 2033.95 | I20: 290.45714 | J20: 251.37143 | K20: 8765.85
... A143: 902 | B143: Washington, DC | C143: Mid Atlantic | D143: 8 | E143: 2090.6 | F143: 223.25 | G143: 0 | H143: 721.99375 | I143: 173.76625 | J143: 0 | K143: 3209.61
A144: Grand Total | E144: 3171.029 | F144: 152.85051 | G144: 85.90283 | H144: 1231.4057 | I144: 419.48565 | J144: 54.633357 | K144: 5138.3734

Sheet Attachments (as % of Golf)_raw
A1: Attachment Rate (as % of Golf Revenue)
A2: *This document is strictly confidential and may not be shared or redistributed in any form without written consent from the corporate office.
A4: Years | B4: 2026
A5: Sales_Date | B5: May
E7: Attachment Rate
A8: Location ID | B8: City_State | C8: Region | D8: # of Sims | E8: Total Golf Revenue | F8: League | G8: Lessons | H8: Beverage | I8: Food | J8: Merchandise
A9: 2 | B9: Novi, MI | C9: Midwest | D9: 5 | E9: 15094.85 | F9: 0.071547581 | G9: 0 | H9: 0.22991153 | I9: 0.065897972 | J9: 0.012653322
A10: 4 | B10: Huntsville, AL | C10: South | D10: 5 | E10: 18847.77 | F10: 0.09205333 | G10: 0 | H10: 0.30522444 | I10: 0.090750259 | J10: 0
A11: 6 | B11: Grand Rapids, MI | C11: Midwest | D11: 6 | E11: 7851.65 | F11: 0.0057312794 | G11: 0.15792859 | H11: 0.2884744 | I11: 0.065211771 | J11: 0.00063553521
A12: 7 | B12: Ann Arbor, MI | C12: Midwest | D12: 6 | E12: 12919.96 | F12: 0 | G12: 0 | H12: 0.22782578 | I12: 0.070046656 | J12: 0.087501045
A13: 8 | B13: Shelby Twp, MI | C13: Midwest | D13: 6 | E13: 12339.97 | F13: 0.12074584 | G13: 0.046799141 | H13: 0.68453327 | I13: 0.10161775 | J13: 0.0038063302
A14: 9 | B14: Grand Junction, CO | C14: Rocky Mountains | D14: 5 | E14: 19783.29 | F14: 0.23251946 | G14: 0 | H14: 0.42653219 | I14: 0.067081866 | J14: 0.0013799525
A15: 10 | B15: Holland, MI | C15: Midwest | D15: 6 | E15: 8838.99 | F15: 0 | G15: 0.053739172 | H15: 0.32359466 | I15: 0.095372888 | J15: 0.0028272461
A16: 11 | B16: Kalamazoo, MI | C16: Midwest | D16: 6 | E16: 7180.08 | F16: 0.07799356 | G16: 0.17130728 | H16: 0.58058963 | I16: 0.10139163 | J16: 0.065865561
A17: 12 | B17: Rochester Hills, MI | C17: Midwest | D17: 6 | E17: 7689.45 | F17: 0.023408696 | G17: 0 | H17: 0.22629187 | I17: 0.049368941 | J17: 0.0034462803
A18: 13 | B18: Lansing, MI | C18: Midwest | D18: 6 | E18: 17547.96 | F18: 0 | G18: 0.0071233351 | H18: 0.2652616 | I18: 0.08039681 | J18: 0
A19: 14 | B19: Woodbury, MN | C19: Midwest | D19: 6 | E19: 2660.01 | F19: 0.046992305 | G19: 0.16823245 | H19: 1.2531908 | I19: 0.26390878 | J19: 0
A20: 15 | B20: Fort Collins, CO | C20: Rocky Mountains | D20: 7 | E20: 34440.5 | F20: 0.22067043 | G20: 0.037455902 | H20: 0.41339847 | I20: 0.059035148 | J20: 0.051091012
... A143: 902 | B143: Washington, DC | C143: Mid Atlantic | D143: 8 | E143: 16724.8 | F143: 0.10678753 | G143: 0 | H143: 0.34535241 | I143: 0.083117885 | J143: 0
A144: Grand Total | E144: 3126634.6 | F144: 0.048202179 | G144: 0.027089891 | H144: 0.38833002 | I144: 0.13228692 | J144: 0.017228905

Sheet YoY Analysis_raw
A1: Year-over-Year Analysis - MTD & YTD
A2: *This document is strictly confidential and may not be shared or redistributed in any form without written consent from the corporate office.
A4: Current Month | B4: 46143
A5: Beginning of Year | B5: 46023
A6: Beginning of Previous Year | B6: 45658
D7: 2025 | F7: 2026 | H7: YoY Analysis
A8: Location ID | B8: City_State | C8: Region | D8: 45778 | E8: YTD | F8: 46143 | G8: YTD | H8: MTD | I8: YTD
A9: 2 | B9: Novi, MI | C9: Midwest | D9: 25672.96 | E9: 336041.94 | F9: 20831.05 | G9: 345916.77 | H9: -0.1885996 | I9: 0.029385707
A10: 4 | B10: Huntsville, AL | C10: South | D10: 61691.9 | E10: 280465.95 | F10: 28046.01 | G10: 180523.32 | H10: -0.54538586 | I10: -0.35634497
A11: 6 | B11: Grand Rapids, MI | C11: Midwest | D11: 20520.95 | E11: 415964.65 | F11: 11918.66 | G11: 384795.61 | H11: -0.41919551 | I11: -0.074931944
A12: 7 | B12: Ann Arbor, MI | C12: Midwest | D12: 10923.84 | E12: 312051.55 | F12: 17898.97 | G12: 357769.86 | H12: 0.63852363 | I12: 0.14650884
A13: 8 | B13: Shelby Twp, MI | C13: Midwest | D13: 17320.98 | E13: 442287 | F13: 24155.52 | G13: 483229.46 | H13: 0.3945816 | I13: 0.092569892
A14: 9 | B14: Grand Junction, CO | C14: Rocky Mountains | D14: 32837.47 | E14: 284613.03 | F14: 34175.9 | G14: 300493.64 | H14: 0.04075923 | I14: 0.055797199
A15: 10 | B15: Holland, MI | C15: Midwest | D15: 13266.73 | E15: 426077.29 | F15: 13042.23 | G15: 422975.9 | H15: -0.01692203 | I15: -0.0072789376
A16: 11 | B16: Kalamazoo, MI | C16: Midwest | D16: 20438.01 | E16: 440518.97 | F16: 14339.68 | G16: 495857.26 | H16: -0.29838179 | I16: 0.12562067
A17: 12 | B17: Rochester Hills, MI | C17: Midwest | D17: 14182.23 | E17: 366316.58 | F17: 10015.63 | G17: 333903.87 | H17: -0.29379019 | I17: -0.088482782
A18: 13 | B18: Lansing, MI | C18: Midwest | D18: 29631.29 | E18: 435562.39 | F18: 23738.56 | G18: 404705.46 | H18: -0.19886849 | I18: -0.070843881
A19: 14 | B19: Woodbury, MN | C19: Midwest | D19: 15988.23 | E19: 335100.62 | F19: 7268.01 | G19: 304310.35 | H19: -0.54541497 | I19: -0.091883656
A20: 15 | B20: Fort Collins, CO | C20: Rocky Mountains | D20: 60093.69 | E20: 570487.12 | F20: 61360.95 | G20: 448362.23 | H20: 0.021088071 | I20: -0.21407125
... A148: 902 | B148: Washington, DC | C148: Mid Atlantic | D148: 27622.24 | E148: 186810.82 | F148: 25676.88 | G148: 184741.76 | H148: -0.070427308 | I148: -0.011075697
A149: Grand Total | D149: 5196940 | E149: 55449235 | F149: 5066436.2 | G149: 56547069 | H149: -0.025111662 | I149: 0.019798894
